---- CREAZIONE DATABASE ----

CREATE TABLE Persona (
    codice_fiscale CHAR(16) PRIMARY KEY,
    nome VARCHAR(50) NOT NULL,
    cognome VARCHAR(50) NOT NULL
);

CREATE TABLE Prodotto (
    seriale CHAR(12) PRIMARY KEY,
    nome VARCHAR(50) NOT NULL,
    valutazione INT NOT NULL CHECK (valutazione > 0),
    prezzo_mercato INT NOT NULL CHECK (prezzo_mercato > 0),
    CHECK (seriale ~ '^[0-9]{12}$')
);

CREATE TABLE Possesso (
    proprietario CHAR(16) NOT NULL,
    prodotto CHAR(12) NOT NULL,
    data_inizio DATE NOT NULL,
    data_fine DATE DEFAULT NULL CHECK (data_fine IS NULL OR data_fine > data_inizio),
    PRIMARY KEY (prodotto, data_inizio),
    FOREIGN KEY (proprietario) REFERENCES Persona(codice_fiscale),
    FOREIGN KEY (prodotto) REFERENCES Prodotto(seriale)
);

CREATE TABLE Certificatore(
    partita_iva CHAR(11) PRIMARY KEY,
    nome VARCHAR(100) NOT NULL,
    sede VARCHAR(100) NOT NULL,
    tipologia VARCHAR(100) NOT NULL,

    CHECK (partita_iva ~ '^[0-9]{11}$')
);

CREATE TABLE Banditore(
    partita_iva CHAR(11) PRIMARY KEY,
    nome VARCHAR(100) NOT NULL,
    sede VARCHAR(100) NOT NULL,
    esperienza SMALLINT NOT NULL,

    CHECK (partita_iva ~ '^[0-9]{11}$')
);

CREATE TABLE Sponsor(
    partita_iva CHAR(11) PRIMARY KEY,
    nome VARCHAR(100) NOT NULL,
    sede VARCHAR(100) NOT NULL,
    tipologia VARCHAR(100) NOT NULL,
    livello VARCHAR(100) NOT NULL,

    CHECK (partita_iva ~ '^[0-9]{11}$')
);

CREATE TABLE Asta(
    codice_asta CHAR(12) PRIMARY KEY,
    prodotto CHAR(12),
    banditore CHAR(11),
    data_inizio DATE NOT NULL,
    data_fine DATE DEFAULT NULL,
    base_asta INT NOT NULL,
    importo_offerta_vincente INT DEFAULT NULL,
    num_partecipanti INT DEFAULT 0,
    sponsor CHAR(11) DEFAULT NULL,

    CHECK (codice_asta ~ '^[0-9]{12}$'),
    CHECK (base_asta > 0),

    FOREIGN KEY(prodotto) REFERENCES Prodotto(seriale),
    FOREIGN KEY(banditore) REFERENCES Banditore(partita_iva),
    FOREIGN KEY(sponsor) REFERENCES Sponsor(partita_iva)
);

CREATE TABLE Offerta(
    asta CHAR(12),
    offerente CHAR(16),
    orario_offerta TIMESTAMP NOT NULL,
    importo INT NOT NULL,

    PRIMARY KEY(asta, orario_offerta),
    FOREIGN KEY(asta) REFERENCES Asta(codice_asta),
    FOREIGN KEY(offerente) REFERENCES Persona(codice_fiscale)
);

CREATE TABLE Autenticazione(
    codice_autenticante CHAR(12) NOT NULL,
    certificatore CHAR(11),
    nome VARCHAR(100) NOT NULL,
    prodotto CHAR(12) UNIQUE,
    data_emanazione DATE NOT NULL,
    tecnica_analisi VARCHAR(100) NOT NULL,

    CHECK (codice_autenticante ~ '^[0-9]{12}$'),

    PRIMARY KEY (codice_autenticante, certificatore),
    FOREIGN KEY(certificatore) REFERENCES Certificatore(partita_iva),
    FOREIGN KEY(prodotto) REFERENCES Prodotto(seriale)
);

CREATE TABLE Specializzazione(
    codice_specializzante CHAR(12) NOT NULL,
    certificatore CHAR(11),
    nome VARCHAR(100) NOT NULL,
    data_emanazione DATE NOT NULL,
    livello VARCHAR(100) NOT NULL,
    
    CHECK (codice_specializzante ~ '^[0-9]{12}$'),

    PRIMARY KEY (codice_specializzante, certificatore),
    FOREIGN KEY(certificatore) REFERENCES Certificatore(partita_iva)
);

CREATE TABLE Competenza(
    certificatore CHAR(11),
    codice_specializzazione CHAR(12),
    banditore CHAR(11),
    data_specializzazione DATE NOT NULL,
    
    PRIMARY KEY (codice_specializzazione, certificatore, banditore),
    FOREIGN KEY (codice_specializzazione, certificatore) 
        REFERENCES Specializzazione(codice_specializzante, certificatore),
    FOREIGN KEY(banditore) REFERENCES Banditore(partita_iva)
);

---- POPOLAMENTO DATABASE ----
INSERT INTO Persona (codice_fiscale, nome, cognome) VALUES 
('O3OUCACMF7211P48', 'Malissia', 'Matt'),
('9VF02U229374KL7B', 'Olly', 'Hedger'),
('64M144395KSJA96F', 'Kelwin', 'Lenden'),
('6VW57JP7861E7B9Z', 'Brandtr', 'MacRannell'),
('9ESLP5WC871TTX60', 'Bibi', 'Boni'),
('96WA71R59UT6579R', 'Andras', 'Farnorth'),
('RV6LS99C804N7QF0', 'Carlin', 'Clows'),
('JA4231J23Z75GH58', 'Drud', 'Stannus'),
('5NR32Y485J2R2JKI', 'Penn', 'Zisneros'),
('764V15921SZG1W8O', 'Fleming', 'Barnish'),
('Q6W5Q1K087230K0O', 'Leela', 'Lovering'),
('4MT52ZM5SCS9WAX3', 'Donn', 'Petrov'),
('97B0RX3935L4J6F2', 'Donall', 'Tidbold'),
('796668G8F784122A', 'Teirtza', 'Galle'),
('HWZZS6MUI3DC5RWN', 'Diandra', 'Cahalin'),
('B4XE7184NG18DFMW', 'Darelle', 'Kenningley'),
('W5IM52B214BJNW85', 'Devinne', 'Haveline'),
('07F2BDDXVRUEJ8B4', 'Dody', 'Vaugham'),
('V9871NGJKHAK8KF5', 'Phineas', 'Forte'),
('CY1Z1FMLZLNG78UZ', 'Letisha', 'Tofanelli'),
('114HE57483OI42D6', 'Jobi', 'Snellman'),
('S346CFTDAF5WI1L1', 'Lydia', 'Rodgers'),
('R6EUSBI5UQR2A2J6', 'Elisha', 'Craigg'),
('6OBCIQ40MDO6G3BZ', 'Oberon', 'McConaghy'),
('H59I4673647LU2L7', 'Cordie', 'Giacubo'),
('KM7KTPB897T2UVL8', 'Shel', 'MacConchie'),
('992F5TY4C4OUKAAI', 'Minette', 'Prydie'),
('900Y0KN275Y405J8', 'Jens', 'Ratnage'),
('6Z6KOP88Z4667JON', 'Giustina', 'Beel'),
('7F90X18Q1403XXG4', 'Fairfax', 'Valance'),
('70XVR77F36AKP581', 'Briano', 'Vaz'),
('1J553L60SU90F875', 'Brenda', 'Aleksandrev'),
('12Y8W8W23IG8VYY5', 'Letitia', 'Gravenell'),
('56KJ2665C1207409', 'Dal', 'Wildish'),
('39R19L060D8863TG', 'Tungtung', 'Sahur'),
('A8Q47392B9J3Y812', 'Lora', 'Nannini'),
('9W96WV885ET121Y3', 'Husain', 'Simons'),
('VYBUX9R1I5W5DBE7', 'Ave', 'Wyer'),
('1274HZ1M419W680T', 'Chance', 'Beaver'),
('VT0H7DDKA8O8C576', 'Grayce', 'Muselli'),
('0YZT0UISV69JPM35', 'Vicki', 'MacCarlich'),
('EA6T154RY918K9L0', 'Florinda', 'Corr'),
('K28SA3J2L47TT6KK', 'Georgy', 'Frape'),
('FZH1W36KP087Z9F0', 'Cosette', 'Pantridge'),
('QE8N90CBR1M862O5', 'Cosette', 'Sisley'),
('RI6FYD0LHT59S1Z4', 'Nisse', 'Blanc'),
('AVXE4K02TB89BQ0O', 'Yetta', 'Braunes'),
('G07SCR417W6095CN', 'Clemmie', 'Cooke'),
('87GKB2243W1DBC90', 'Jen', 'Flatte'),
('4MNY88DF72BA56OD', 'Nixie', 'McIlherran'),
('URU9GH8220Q2MAY6', 'Aksel', 'Corzor'),
('DT0DPYO854SN5JS4', 'Berkeley', 'Nutting'),
('76VT3484SUIS7933', 'Bronson', 'Kahan'),
('V8631YHI1P15C492', 'Seamus', 'Hodjetts'),
('707VDJJ2LEQZ74FZ', 'Moina', 'Prydden'),
('I849516DA0KCL0BL', 'Leona', 'Waye'),
('1G85597QQA6DYCW2', 'Obed', 'Damrel'),
('564GPX0L92M53P0L', 'Lexy', 'Bartlam'),
('53L0RM659OAM889Z', 'Garrard', 'Ritchley'),
('LW8C31M5400UBXK3', 'Antin', 'Grief'),
('50P5D8P7J943CPFF', 'Salvatore', 'Prudence'),
('U0RNVRI61945MGLS', 'Horton', 'Charsley'),
('R0U4IXFG3A2642M9', 'Ethelind', 'Arzu'),
('1G98Q5A7P3X2G735', 'Sharon', 'Trevethan'),
('I79GVNY285281G0B', 'Kristi', 'Zannotelli'),
('C8326R95A9P0O8XP', 'Anallese', 'Rasher'),
('OBR872J9QV6CK4T0', 'Teri', 'Bartolijn'),
('E60W5072V0W9Y551', 'Willetta', 'Hatcher'),
('UJS4K10W29ZT4943', 'Barri', 'Kopec'),
('E4WZFMX2M1D521M5', 'Lidia', 'Lumb'),
('261VW8H53D61IRD7', 'Putnam', 'Pencott'),
('3O2S7L393U08A87I', 'Jareb', 'Frankham'),
('52RC0DAH0PG5IU67', 'Evangelin', 'Birckmann'),
('9C7NRKBY92OD29JH', 'Merill', 'Landre'),
('FCKWP90J1930E58M', 'Marijo', 'Uttridge'),
('D8JYNE0Z058G0IH7', 'Grant', 'Perroni'),
('TH58FQJ51733CA77', 'Ephraim', 'Cliffe'),
('3MP36W4IM8178G79', 'Flory', 'Howchin'),
('NGU02715Z64H1144', 'Ciro', 'Haliburton'),
('GFDV369AC4RVC11O', 'Yves', 'Saltman'),
('H2648N64EG09SV5Q', 'Lynn', 'Crimes'),
('34W61GQIL4295794', 'Vilma', 'Alleyn'),
('L353I8MOMWF7MP0G', 'Duncan', 'Sandham'),
('6N24C7XX902YO8W7', 'Hermy', 'Lehrmann'),
('54PUNKX343K52T5N', 'Britney', 'Vedikhov'),
('40046PE8S1OD8N36', 'Francklyn', 'Bulgen'),
('0XN93A62GQ432N1A', 'Fidole', 'Dell''Abbate'),
('1B73EGUZMB0FW788', 'Jacquelynn', 'Rotte'),
('G6YOV2PD4WMI2YVX', 'Gilemette', 'Rallinshaw'),
('9C309AB9771P99M1', 'Halli', 'Cheyenne'),
('98SP883EI6RM1759', 'Selinda', 'Calwell'),
('EIK76GYKH2115UUS', 'Bruis', 'Piddle'),
('OCTD74861T0USB2R', 'Odele', 'Solland'),
('37XV73CAA1982RH0', 'Jermain', 'Wagstaff'),
('UPE63TZEOTIL523M', 'Ruthanne', 'Grealey'),
('HH2RZ57XNF3S0V00', 'Luella', 'Maving'),
('5YNI1H65G13M7EG8', 'Claiborne', 'Pock'),
('IL3E7F045VP95M0I', 'Laney', 'Blaxter'),
('73R7H7DLBMH8NEVF', 'Aubree', 'MacKaile'),
('6DFRD6WXF79D4V30', 'Stesha', 'Cattermoul'),
('754Y1DVKK0CB6C6M', 'Udale', 'Heinel'),
('75759CTAO768CT6U', 'Adolpho', 'Titherington'),
('3GZ07Q3U596VD0K4', 'Virgil', 'McClancy'),
('58OHWJOY4P75X1I2', 'Rhianna', 'Priden');

INSERT INTO Prodotto (seriale, nome, prezzo_mercato, valutazione) VALUES 
('239844120035', 'Sea Salt Caramel Popcorn', 3663, 4013),
('172372921092', 'Pumpkin Spice Latte Mix', 4384, 5245),
('918717534794', 'Digital Voice Recorder', 4356, 4829),
('078414955750', 'LED Under Cabinet Lighting', 1565, 2146),
('178739624812', 'Noise Cancelling Ear Muffs', 3149, 3816),
('117892898863', 'Cheddar Cheese Slices', 4881, 6971),
('444356743409', 'Cordless Water Flosser', 2548, 2940),
('982672012441', 'Ginger Snaps', 1562, 1617),
('349699478597', 'Smartphone UV Sanitizer', 3363, 4133),
('774226142988', 'Chocolate Peanut Butter Cups', 4321, 4955),
('925929089544', 'Bamboo Bathtub Caddy', 1813, 1856),
('417803935840', 'Asian Salad Mix', 2361, 2191),
('562770910703', 'High-Speed HDMI Cable', 4331, 3960),
('503676862364', 'Eco-Friendly Yoga Mat', 1573, 1747),
('956103427461', 'Chocolate Hazelnut Granola', 4347, 4614),
('506877454397', 'Eco-Friendly Disposable Plates', 1805, 2131),
('574294585182', 'Dog Walking Waist Pack', 4820, 4483),
('496964111376', 'Automatic Pet Feeder', 349, 269),
('205543764255', 'Smart Water Bottle with Hydration Reminder', 1998, 2024),
('840034486103', 'Collapsible Pet Dog Bowl', 383, 487),
('865165501572', 'Wireless Charging Station', 4399, 5032),
('117959372641', 'Thai Green Curry Paste', 4225, 4515),
('338934917940', 'Almond Flour Cookies', 1572, 2090),
('113157746282', 'Portable Pet Water Bottle', 804, 743),
('219604579938', 'Sporty Slide Sandals', 3286, 4356),
('551026207394', 'Pet Grooming Gloves', 3480, 2970),
('913087057097', 'Magnetic Screen Door', 4435, 4500),
('182600834840', 'Dog Collar', 678, 788),
('186887554825', 'Elderberry Syrup Kit', 3102, 3302),
('719827192823', 'Vegan Tacos', 3273, 3916),
('325315132970', 'Stainless Steel Travel Mug', 4443, 6031),
('928170217097', 'Dog Frisbee Toy', 3171, 3624),
('495012528159', 'Vacuum Sealer Machine', 966, 1162),
('781588466371', 'Thai Coconut Curry Sauce', 2475, 3459),
('985593165501', 'Camera Lens Cleaning Kit', 3678, 3855),
('925109033191', 'Chipotle Sauce', 4807, 3781),
('508584391436', 'Organic Apples', 2614, 2483),
('009341078864', 'Coconut Granola', 1426, 1845),
('523466089860', 'Heated Throw Blanket', 4983, 6110),
('301250103969', 'Luxe Velvet Blazer', 1773, 1577),
('374006937447', 'Black Bean Soup', 3053, 2408),
('969763082170', 'Roasted Sweet Corn', 1508, 1866),
('442216925458', 'Zesty Garlic Hummus', 4099, 4862),
('619793394817', 'Tandoori Chicken Marinade', 302, 281),
('691304847952', 'Vegetable Broth', 1883, 1689),
('445972375353', 'Organic Baby Carrots', 3777, 2904),
('914490640296', 'Veggie Lovers Pizza', 990, 763),
('530517895094', 'Mini Air Hockey Table', 492, 498),
('062144828104', 'Car Vacuum Cleaner', 4040, 3918),
('612432218300', 'Pet Hair Vacuum Attachment', 1304, 1810),
('566734512021', 'Lightweight Workout Tank', 2150, 2122),
('845805177183', 'Raisin Cinnamon Granola', 3257, 3321),
('379594107004', 'Peanut Butter Banana Smoothie Mix', 1627, 1435),
('915180368366', 'Savory Mushroom Risotto', 984, 1042),
('182987499412', 'Kale Chips', 1825, 2329),
('733525839966', 'Multi-Layer Food Steamer', 1717, 1674),
('446696207651', 'Classic Caesar Dressing', 2147, 2307),
('198749628985', 'Infrared Thermometer', 4322, 5449),
('660950688862', 'Satin Slip Dress', 2520, 3483),
('851343631911', 'Veggie Burger Patties', 738, 982),
('848927871472', 'Fitness Jump Rope', 4007, 4259),
('916386523084', 'French Bread', 842, 808),
('095656695899', 'Basmati Rice', 2945, 2257),
('084485355156', 'Blueberry Muffin Mix', 527, 654),
('675429099092', 'Raspberry Tart', 1717, 2020),
('194098107798', 'Tomatillo Salsa', 3367, 2552),
('865201309754', 'Potting Soil', 4657, 5084),
('856164082200', 'Portable Folding Picnic Table', 893, 1018),
('171450947128', 'Sesame Garlic Stir-Fry Sauce', 3482, 3025),
('820333077679', 'Kids'' Science Experiment Kit', 241, 267),
('896397398756', 'Cinnamon Rolls', 3092, 2769),
('289704472430', 'Sliced Ham', 945, 1146),
('064742436395', 'Adjustable Stand for Tablets and Smartphones', 2244, 2840),
('715599910626', 'Golf Putting Green', 1419, 1325),
('055402149729', 'Coconut Flakes', 4535, 6353),
('588918901187', 'Coconut Granola', 4429, 5625),
('397165413038', 'Vegan Caesar Dressing', 2259, 2394),
('892450415010', 'Organic Chia Seeds', 2103, 1745),
('680619013091', 'Blueberry Chia Jam', 3793, 5447),
('246609542794', 'Coconut Chips', 2797, 3177),
('781559012216', 'Inflatable Party Cooler', 683, 990),
('330132727591', 'Chocolate Almond Milk', 1064, 1356),
('509180016585', 'Oven Thermometer', 2121, 2861),
('755459640441', 'Maple Glazed Carrots', 4815, 4025),
('682990235289', 'Smartwatch', 1680, 1704),
('026628089168', 'Portable Bluetooth Speaker', 2463, 3020),
('579543738241', 'Overnight Duffle Bag', 3891, 2975),
('699501853507', 'Gardening Gloves', 3238, 4045),
('144027402293', 'Vacuum Sealer Machine', 2188, 1954),
('579774104569', 'Potting Soil', 4338, 3422),
('896655298552', 'Classic Caesar Dressing', 1849, 1859),
('162471156652', 'Gluten-Free Bread', 1907, 1481),
('158082412538', 'Shatterproof Wine Glasses', 4910, 5407),
('515363568011', 'Garlic Parmesan Roasted Nuts', 861, 1138),
('569798013240', 'Granola Clusters', 4466, 4354),
('012864167521', 'Organic Whole Grain Oats', 527, 673),
('082884573989', 'Utility Cargo Pants', 341, 288),
('662146819475', 'Smartphone Holder for Car', 3041, 3564),
('212749979166', 'Decorative Wall Tapestry', 4620, 6099);

INSERT INTO Possesso (proprietario, prodotto, data_inizio, data_fine) VALUES 
('O3OUCACMF7211P48', '239844120035', '2025-04-27', NULL),
('O3OUCACMF7211P48', '172372921092', '2024-03-12', NULL),
('O3OUCACMF7211P48', '918717534794', '2025-09-01', NULL),
('JA4231J23Z75GH58', '078414955750', '2025-09-01', NULL),
('JA4231J23Z75GH58', '178739624812', '2024-12-12', NULL),
('JA4231J23Z75GH58', '117892898863', '2024-08-18', NULL),
('JA4231J23Z75GH58', '444356743409', '2024-12-13', NULL),
('HWZZS6MUI3DC5RWN', '982672012441', '2024-08-15', NULL),
('HWZZS6MUI3DC5RWN', '349699478597', '2024-10-10', NULL),
('HWZZS6MUI3DC5RWN', '774226142988', '2025-01-09', NULL),
('B4XE7184NG18DFMW', '925929089544', '2025-02-09', NULL),
('B4XE7184NG18DFMW', '417803935840', '2023-09-06', NULL),
('1J553L60SU90F875', '562770910703', '2024-09-10', NULL),
('1J553L60SU90F875', '503676862364', '2023-12-05', NULL),
('12Y8W8W23IG8VYY5', '956103427461', '2023-04-19', NULL),
('7F90X18Q1403XXG4', '506877454397', '2024-10-01', NULL),
('7F90X18Q1403XXG4', '574294585182', '2022-09-09', NULL),
('7F90X18Q1403XXG4', '496964111376', '2025-03-14', NULL),
('7F90X18Q1403XXG4', '205543764255', '2024-09-23', NULL),
('7F90X18Q1403XXG4', '840034486103', '2024-09-29', NULL),
('7F90X18Q1403XXG4', '865165501572', '2023-12-09', NULL),
('7F90X18Q1403XXG4', '117959372641', '2023-09-18', NULL),
('7F90X18Q1403XXG4', '338934917940', '2023-07-09', NULL),
('H59I4673647LU2L7', '113157746282', '2023-09-08', NULL),
('H59I4673647LU2L7', '219604579938', '2024-01-04', NULL),
('H59I4673647LU2L7', '551026207394', '2023-05-12', NULL),
('H59I4673647LU2L7', '913087057097', '2023-07-08', NULL),
('H59I4673647LU2L7', '182600834840', '2023-03-15', NULL),
('H59I4673647LU2L7', '186887554825', '2023-09-21', NULL),
('H59I4673647LU2L7', '719827192823', '2023-11-02', NULL),
('H59I4673647LU2L7', '325315132970', '2023-01-30', NULL),
('70XVR77F36AKP581', '928170217097', '2023-04-25', NULL),
('70XVR77F36AKP581', '495012528159', '2023-06-14', NULL),
('RV6LS99C804N7QF0', '781588466371', '2023-08-19', NULL),
('RV6LS99C804N7QF0', '985593165501', '2023-02-10', NULL),
('RV6LS99C804N7QF0', '925109033191', '2023-12-05', NULL),
('RV6LS99C804N7QF0', '508584391436', '2023-10-07', NULL),
('RV6LS99C804N7QF0', '009341078864', '2023-03-09', NULL),
('RV6LS99C804N7QF0', '523466089860', '2023-04-11', NULL),
('RV6LS99C804N7QF0', '301250103969', '2023-07-29', NULL),
('RV6LS99C804N7QF0', '374006937447', '2023-06-23', NULL),
('VT0H7DDKA8O8C576', '969763082170', '2023-09-17', NULL),
('0YZT0UISV69JPM35', '442216925458', '2023-05-06', NULL),
('0YZT0UISV69JPM35', '619793394817', '2023-10-25', NULL),
('URU9GH8220Q2MAY6', '691304847952', '2023-08-01', NULL),
('URU9GH8220Q2MAY6', '445972375353', '2023-11-18', NULL),
('URU9GH8220Q2MAY6', '914490640296', '2023-04-03', NULL),
('URU9GH8220Q2MAY6', '530517895094', '2023-07-15', NULL),
('9VF02U229374KL7B', '062144828104', '2023-05-27', NULL),
('S346CFTDAF5WI1L1', '612432218300', '2023-06-18', NULL),
('S346CFTDAF5WI1L1', '566734512021', '2023-03-28', NULL),
('S346CFTDAF5WI1L1', '845805177183', '2023-09-30', NULL),
('S346CFTDAF5WI1L1', '379594107004', '2023-02-24', NULL),
('12Y8W8W23IG8VYY5', '915180368366', '2023-01-11', NULL),
('VT0H7DDKA8O8C576', '182987499412', '2023-12-19', NULL),
('0YZT0UISV69JPM35', '733525839966', '2023-08-09', NULL),
('0YZT0UISV69JPM35', '446696207651', '2023-06-07', NULL),
('0YZT0UISV69JPM35', '198749628985', '2023-07-03', NULL),
('0YZT0UISV69JPM35', '660950688862', '2023-09-05', NULL),
('87GKB2243W1DBC90', '851343631911', '2023-10-13', NULL),
('87GKB2243W1DBC90', '848927871472', '2023-04-16', NULL),
('87GKB2243W1DBC90', '916386523084', '2023-11-27', NULL),
('87GKB2243W1DBC90', '095656695899', '2023-02-14', NULL),
('87GKB2243W1DBC90', '084485355156', '2023-03-05', NULL),
('87GKB2243W1DBC90', '675429099092', '2023-01-21', NULL),
('87GKB2243W1DBC90', '194098107798', '2023-12-01', NULL),
('87GKB2243W1DBC90', '865201309754', '2023-06-28', NULL),
('87GKB2243W1DBC90', '856164082200', '2023-09-12', NULL),
('87GKB2243W1DBC90', '171450947128', '2023-08-23', NULL),
('4MNY88DF72BA56OD', '820333077679', '2023-05-16', NULL),
('4MNY88DF72BA56OD', '896397398756', '2023-07-20', NULL),
('4MNY88DF72BA56OD', '289704472430', '2023-03-03', NULL),
('4MNY88DF72BA56OD', '064742436395', '2023-10-30', NULL),
('LW8C31M5400UBXK3', '715599910626', '2023-11-22', NULL),
('LW8C31M5400UBXK3', '055402149729', '2023-04-06', NULL),
('LW8C31M5400UBXK3', '588918901187', '2023-06-10', NULL),
('LW8C31M5400UBXK3', '397165413038', '2023-07-17', NULL),
('LW8C31M5400UBXK3', '892450415010', '2023-05-03', NULL),
('LW8C31M5400UBXK3', '680619013091', '2023-09-09', NULL),
('RV6LS99C804N7QF0', '246609542794', '2023-10-19', NULL),
('RV6LS99C804N7QF0', '781559012216', '2023-01-13', NULL),
('RV6LS99C804N7QF0', '330132727591', '2023-08-31', NULL),
('RV6LS99C804N7QF0', '509180016585', '2023-02-06', NULL),
('RV6LS99C804N7QF0', '755459640441', '2023-12-27', NULL),
('RV6LS99C804N7QF0', '682990235289', '2023-03-22', NULL),
('K28SA3J2L47TT6KK', '026628089168', '2023-11-11', NULL),
('K28SA3J2L47TT6KK', '579543738241', '2023-04-27', NULL),
('K28SA3J2L47TT6KK', '699501853507', '2023-06-30', NULL),
('K28SA3J2L47TT6KK', '144027402293', '2023-05-09', NULL),
('G07SCR417W6095CN', '579774104569', '2023-09-25', NULL),
('G07SCR417W6095CN', '896655298552', '2023-07-05', NULL),
('G07SCR417W6095CN', '162471156652', '2023-08-13', NULL),
('G07SCR417W6095CN', '158082412538', '2023-02-18', NULL),
('G07SCR417W6095CN', '515363568011', '2023-10-01', NULL),
('G07SCR417W6095CN', '569798013240', '2023-12-11', NULL),
('G07SCR417W6095CN', '012864167521', '2023-04-13', NULL),
('G07SCR417W6095CN', '082884573989', '2023-09-07', NULL),
('G07SCR417W6095CN', '662146819475', '2023-06-03', NULL),
('G07SCR417W6095CN', '212749979166', '2023-07-25', NULL),
('58OHWJOY4P75X1I2', '239844120035', '2005-10-29', '2025-04-27'),
('58OHWJOY4P75X1I2', '172372921092', '2005-10-19', '2024-03-12'),
('58OHWJOY4P75X1I2', '918717534794', '1980-12-09', '2025-09-01'),
('58OHWJOY4P75X1I2', '078414955750', '2008-09-10', '2024-12-12'),
('3GZ07Q3U596VD0K4', '178739624812', '2015-09-13', '2024-08-18'),
('3GZ07Q3U596VD0K4', '117892898863', '2010-09-19', '2024-12-13'),
('3GZ07Q3U596VD0K4', '444356743409', '2019-10-09', '2024-08-15'),
('3GZ07Q3U596VD0K4', '982672012441', '2022-07-09', '2024-10-10'),
('3GZ07Q3U596VD0K4', '349699478597', '2014-05-20', '2025-01-09'),
('3GZ07Q3U596VD0K4', '774226142988', '2014-09-18', '2025-02-09'),
('75759CTAO768CT6U', '925929089544', '2002-10-07', '2023-09-06'),
('75759CTAO768CT6U', '417803935840', '2018-10-29', '2024-09-10'),
('75759CTAO768CT6U', '562770910703', '2023-01-20', '2024-12-05'),
('75759CTAO768CT6U', '503676862364', '2021-10-02', '2023-04-19'),
('75759CTAO768CT6U', '956103427461', '2016-12-19', '2024-10-01'),
('75759CTAO768CT6U', '506877454397', '1997-09-01', '2022-09-09'),
('75759CTAO768CT6U', '574294585182', '2000-09-01', '2025-03-14'),
('75759CTAO768CT6U', '496964111376', '2021-09-10', '2024-09-23'),
('6DFRD6WXF79D4V30', '205543764255', '2003-08-09', '2024-09-29'),
('6DFRD6WXF79D4V30', '840034486103', '1998-09-23', '2023-12-09'),
('6DFRD6WXF79D4V30', '865165501572', '2020-02-21', '2023-09-18'),
('6DFRD6WXF79D4V30', '117959372641', '2022-01-09', '2023-07-09'),
('6DFRD6WXF79D4V30', '338934917940', '2021-03-04', '2023-09-08'),
('6DFRD6WXF79D4V30', '113157746282', '2021-09-09', '2024-01-04'),
('6DFRD6WXF79D4V30', '219604579938', '2021-09-08', '2023-09-08'),
('6DFRD6WXF79D4V30', '682990235289', '2021-09-08', '2023-09-08'),
('6DFRD6WXF79D4V30', '026628089168', '2021-09-08', '2023-09-08'),
('73R7H7DLBMH8NEVF', '579543738241', '2021-09-08', '2023-09-08'),
('73R7H7DLBMH8NEVF', '699501853507', '2021-09-08', '2023-09-08'),
('73R7H7DLBMH8NEVF', '144027402293', '2021-09-08', '2023-09-08'),
('73R7H7DLBMH8NEVF', '579774104569', '2008-09-10', '2024-12-12'),
('73R7H7DLBMH8NEVF', '896655298552', '2008-09-10', '2024-12-12'),
('5YNI1H65G13M7EG8', '162471156652', '2008-09-10', '2024-12-12'),
('5YNI1H65G13M7EG8', '158082412538', '2008-09-10', '2024-12-12'),
('5YNI1H65G13M7EG8', '515363568011', '2008-09-10', '2024-12-12'),
('5YNI1H65G13M7EG8', '569798013240', '2008-09-10', '2024-12-12'),
('5YNI1H65G13M7EG8', '012864167521', '1980-12-09', '2025-09-01'), 
('IL3E7F045VP95M0I', '082884573989', '1980-12-09', '2025-09-01'),
('IL3E7F045VP95M0I', '662146819475', '1980-12-09', '2025-09-01'),
('IL3E7F045VP95M0I', '212749979166', '1980-12-09', '2025-09-01');

INSERT INTO Certificatore (partita_iva, nome, sede, tipologia) VALUES
('01336956467', 'Tagcat', 'Bariri', 'FDA'),
('50651706294', 'Mita', 'Émpa', 'SGS'),
('98233074653', 'Linkbridge', 'Bua Yai', 'ISO'),
('72828560132', 'Gabvine', 'Lyon', 'SGS'),
('15115734666', 'Flashpoint', 'Zvenigorod', 'UL'),
('54295856759', 'Eazzy', 'Matayumtayum', 'CSA'),
('15612186063', 'Dynava', 'Satuba', 'SGS'),
('62687040030', 'Buzzster', 'Abade de Vermoim', 'UL'),
('33365521593', 'Geba', 'Boa Esperança', 'FDA'),
('73690530380', 'Mynte', 'Pazin', 'UL'),
('76217972571', 'Fiveclub', 'Al Aḩmadī', 'BSI'),
('20798338947', 'Fadeo', 'Miragoâne', 'BSI'),
('82332775267', 'Podcat', 'Gensi', 'DNV'),
('76616993341', 'Topicshots', 'La Valette-du-Var', 'CE'),
('08914363530', 'Tagcat', 'Zhongtang', 'UL'),
('88943998032', 'Jabberbean', 'Радовиш', 'DNV'),
('33543821007', 'Dynava', 'Pinega', 'UL'),
('65531416454', 'Browsedrive', 'Giesteira', 'ISO'),
('10743528309', 'Tagopia', 'Huangkeng', 'DNV'),
('21076617112', 'Innotype', 'Maiac', 'CE'),
('49007593055', 'Babbleopia', 'Debelets', 'DNV'),
('15375360968', 'Plambee', 'Miskolc', 'CE'),
('88936000760', 'Voomm', 'Tlučná', 'CE'),
('03309969114', 'Jaxworks', 'Constance', 'CE'),
('73164848611', 'Realcube', 'Bodzechów', 'DNV'),
('65751495773', 'Photobug', 'Karmaskaly', 'FDA'),
('08472390937', 'Livefish', 'Semënov', 'FDA'),
('67207241944', 'Vinte', 'Nyalindung', 'CE'),
('84878769087', 'Browsecat', 'Lindesberg', 'CSA'),
('26147597546', 'Vipe', 'Sępopol', 'BSI'),
('03788373526', 'Snaptags', 'Chisong', 'CSA'),
('62404160268', 'Flipopia', 'Paço', 'FDA'),
('86383559318', 'Rhynyx', 'Guatire', 'UL'),
('89671483530', 'Tagopia', 'Dresi Wetan', 'BSI'),
('09371659339', 'Twimbo', 'Waterloo', 'SGS'),
('63807251944', 'Pixonyx', 'Al Manāqil', 'FDA'),
('76762690261', 'Babbleset', 'Moorreesburg', 'SGS'),
('69826439223', 'Realbridge', 'At-Bashi', 'BSI'),
('00068604005', 'Wordify', 'Saint John’s', 'BSI'),
('50169212702', 'Leenti', 'Rudnogorsk', 'UL'),
('04813875099', 'Zoonder', 'Le Teil', 'UL'),
('27061067970', 'Talane', 'Hexing', 'BSI'),
('46489115230', 'Twimm', 'Větřní', 'CE'),
('68331043676', 'Shuffletag', 'Noisy-le-Grand', 'FDA'),
('66573081913', 'BlogXS', 'Bambor', 'BSI'),
('79540906406', 'Muxo', 'Kadugadung', 'DNV'),
('31753622918', 'Edgeclub', 'Paris 09', 'BSI'),
('50660166642', 'Vitz', 'Janagdong', 'UL'),
('91632481570', 'Youfeed', 'Araçuaí', 'SGS'),
('68954797914', 'Mydo', 'Eling', 'FDA');

INSERT INTO Banditore (partita_iva, nome, sede, esperienza) VALUES 
('32435301951', 'Twitterbeat', 'Talmest', 6),
('71812158320', 'Jaxnation', 'Rueil-Malmaison', 7),
('12627998612', 'Yambee', 'Bambor', 19),
('43046749634', 'Aivee', 'Sundbyberg', 17),
('78390598096', 'Realbridge', 'Santa Lucía', 15),
('24264331876', 'Lazzy', 'Blansko', 10),
('31495693084', 'Nlounge', 'Timrå', 8),
('71780000800', 'Jayo', 'Phu Phiang', 29),
('13941422898', 'Gigabox', 'Waterloo', 8),
('43866163045', 'Yamia', 'Bungoma', 14),
('08529233449', 'Aivee', 'San Pedro', 13),
('32908131171', 'Skimia', 'Pandangan Kulon', 30),
('62516139543', 'Demivee', 'Cordova', 13),
('20094605077', 'Mydo', 'Surkhet', 6),
('23515611842', 'Leexo', 'Síkinos', 28),
('54725635217', 'Cogidoo', 'Vân Đình', 18),
('60654323464', 'Skipfire', 'Sanhe', 17),
('96480930808', 'Gigaclub', 'Omsk', 29),
('01900366926', 'Photospace', 'Guanshui', 15),
('77861434385', 'Gigaclub', 'Temuco', 18),
('43210427295', 'Skipfire', 'Dolice', 3),
('57559809550', 'Feedfire', 'Talashkino', 8),
('71357129176', 'Skippad', 'Lampuyang', 6),
('55053484419', 'Thoughtmix', 'Salvacion', 14),
('52478170221', 'Ntags', 'Hancheng', 28),
('09633564344', 'Linktype', 'Santiago dos Velhos', 3),
('47801167617', 'Cogidoo', 'Prokhladnyy', 7),
('88917698056', 'Flashset', 'Huping', 13),
('22552111947', 'Realcube', 'São Luís de Montes Belos', 17),
('52544498513', 'Photobean', 'Otrado-Kubanskoye', 17),
('41725462416', 'Voonder', 'Boyany', 10),
('83675645830', 'Feedmix', 'Brusyliv', 19),
('66072372222', 'Trudoo', 'Kultayevo', 20),
('89862920715', 'Browseblab', 'Bollstabruk', 7),
('08217902911', 'Thoughtstorm', 'Finote Selam', 6),
('32474874638', 'Zooxo', 'Divnomorskoye', 6),
('25732679828', 'Skimia', 'Ambatolampy', 28),
('53082773192', 'Mydeo', 'Itako', 25),
('42297268915', 'Aimbu', 'Keratéa', 15),
('76933396183', 'Zoombeat', 'Luangwa', 24),
('86682609020', 'Kwilith', 'Klyuchevskiy', 11),
('88789783997', 'Fiveclub', 'Qizhen', 18),
('31336095288', 'Meedoo', 'Ouagadougou', 19),
('45521687848', 'Vidoo', 'Göteborg', 24),
('97322883630', 'Trudoo', 'Al Masallamiyya', 29),
('45508206794', 'Skiptube', 'Fonteleite', 20),
('02304240890', 'Eire', 'Żernica', 26),
('11390255771', 'Meemm', 'Al Wardānīn', 30),
('29487328102', 'Brainbox', 'Yinjiang', 6),
('69036073094', 'Jayo', 'Huazangsi', 25);

INSERT INTO Sponsor (partita_iva, nome, sede, tipologia, livello) VALUES
('61932305503', 'Centizu', 'Belanting', 'Artistico', 'Oro'),
('86162080090', 'Snaptags', 'Gucheng', 'Musicale', 'Bronzo'),
('84716881040', 'Podcat', 'Burgau', 'Artistico', 'Premium'),
('83526668134', 'Skinix', 'Newport', 'Culturale', 'Base'),
('12465449312', 'Linkbridge', 'Sylhet', 'Sociale', 'Bronzo'),
('74289433787', 'Tagopia', 'Shāhdādkot', 'Culturale', 'Argento'),
('14068947025', 'Kwinu', 'Kebonan', 'Musicale', 'Base'),
('47618139019', 'Jazzy', 'Kout na Šumavě', 'Sportivo', 'Oro'),
('04614437473', 'Abata', 'Boca Chica', 'Benefico', 'Oro'),
('99766545182', 'Yata', 'Dalu', 'Artistico', 'Oro'),
('55004214548', 'Tanoodle', 'Biñan', 'Commerciale', 'Oro'),
('69674108741', 'Topiclounge', 'Qukuhu', 'Sociale', 'Platino'),
('83122792360', 'Skinte', '‘Izrā', 'Artistico', 'Base'),
('71970085823', 'Quatz', 'Lipník nad Bečvou', 'Commerciale', 'Platino'),
('90392852719', 'Twimm', 'Witkowo', 'Ambientale', 'Platino'),
('19161960459', 'Plambee', 'Cibaregbeg Dua', 'Commerciale', 'Premium'),
('93832186430', 'Voomm', 'Pictou', 'Ambientale', 'Premium'),
('17801100941', 'Feedfish', 'Libuganon', 'Educativo', 'Base'),
('13791749292', 'Oba', 'Mandi Bahāuddīn', 'Ambientale', 'Oro'),
('36937100723', 'Tagtune', 'Moreira de Geraz do Lima', 'Sociale', 'Bronzo'),
('73092096968', 'Kayveo', 'Doro Oo', 'Tecnologico', 'Oro'),
('90495436855', 'Eare', 'Vukovije Donje', 'Ambientale', 'Oro'),
('55284473872', 'Ntags', 'Funchal', 'Artistico', 'Premium'),
('98184650631', 'Linktype', 'Xipi', 'Ambientale', 'Platino'),
('77188315266', 'Skynoodle', 'Tierp', 'Musicale', 'Platino'),
('03553812743', 'Vimbo', 'Taytayan', 'Tecnologico', 'Platino'),
('49402830929', 'Gigazoom', 'Xinxu', 'Musicale', 'Base'),
('09406932194', 'Jabbercube', 'Bongued', 'Culturale', 'Platino'),
('16278334333', 'Abatz', 'Santa Rosa', 'Sociale', 'Premium'),
('19011929430', 'Quinu', 'Maracanaú', 'Benefico', 'Bronzo'),
('74164147750', 'Vinder', 'Bajera', 'Ambientale', 'Bronzo'),
('89968189957', 'Eadel', 'Gal’bshtadt', 'Musicale', 'Argento'),
('31755896333', 'Dynazzy', 'Stulovo', 'Artistico', 'Argento'),
('15540135184', 'Photofeed', 'San José Poaquil', 'Ambientale', 'Bronzo'),
('12315814618', 'Skinix', 'Spas-Zaulok', 'Musicale', 'Platino'),
('67921247720', 'Kazio', 'Ihosy', 'Tecnologico', 'Premium'),
('44176873717', 'Talane', 'Anuchino', 'Educativo', 'Argento'),
('54619519149', 'Jetwire', 'Kadupinang', 'Sociale', 'Argento'),
('21108652162', 'Kazu', 'Bromma', 'Benefico', 'Oro'),
('80135853910', 'Vipe', 'Santo Niño', 'Ambientale', 'Bronzo'),
('19413069967', 'Gigazoom', 'Jimaguayú', 'Sociale', 'Oro'),
('08229542102', 'Flipstorm', 'Leiguan', 'Benefico', 'Oro'),
('54076783689', 'Bluezoom', 'Köping', 'Tecnologico', 'Argento'),
('18144723576', 'Innojam', 'Sarata', 'Artistico', 'Base'),
('20980709734', 'Voomm', 'Sumberan', 'Ambientale', 'Premium'),
('07664912440', 'Skilith', 'Cikananga', 'Sportivo', 'Oro'),
('92564338989', 'Devcast', 'Domoni', 'Commerciale', 'Premium'),
('89505678715', 'Jabberstorm', 'Yanglinqiao', 'Benefico', 'Platino'),
('16450311979', 'Ooba', 'Želetava', 'Sportivo', 'Argento'),
('36243893018', 'Vipe', 'Beregovoy', 'Sportivo', 'Platino'),
('08117775955', 'Realfire', 'Mananum', 'Musicale', 'Premium'),
('68350265856', 'Topicshots', 'Belogorskīy', 'Tecnologico', 'Argento'),
('98854437316', 'Eadel', 'Russeifa', 'Benefico', 'Platino'),
('20540424784', 'Devcast', 'Shumikha', 'Musicale', 'Platino'),
('28025488342', 'Brainsphere', 'Luján', 'Sportivo', 'Bronzo'),
('35865230061', 'InnoZ', 'Chlumčany', 'Benefico', 'Premium'),
('30521257627', 'Centimia', 'Mikrókampos', 'Tecnologico', 'Platino'),
('16014866572', 'Katz', 'Conel', 'Sportivo', 'Bronzo'),
('47107924981', 'Blogspan', 'Calaba', 'Sportivo', 'Oro'),
('62294108653', 'Jamia', 'Biała', 'Sociale', 'Platino'),
('33249026289', 'Latz', 'La Gomera', 'Sportivo', 'Oro'),
('71399121195', 'Skyndu', 'Kobylí', 'Tecnologico', 'Platino'),
('78373135226', 'Zoomlounge', 'Frederico Westphalen', 'Sportivo', 'Base'),
('00854139518', 'Katz', 'Guanhães', 'Commerciale', 'Base'),
('77961512741', 'Fliptune', 'Matagbak', 'Culturale', 'Oro'),
('13972598330', 'Babbleset', 'Górzno', 'Benefico', 'Premium'),
('50952426144', 'Topicshots', 'Haicheng', 'Commerciale', 'Base'),
('68788422795', 'Mymm', 'Rajapeni', 'Sportivo', 'Argento'),
('79703132695', 'Feedbug', 'Voloshka', 'Sportivo', 'Premium'),
('92497625604', 'Livefish', 'Huatajata', 'Educativo', 'Bronzo');

INSERT INTO Asta(codice_asta, prodotto, banditore, data_inizio, data_fine, base_asta, importo_offerta_vincente, num_partecipanti, sponsor) VALUES
('000000000001', '239844120035', '32435301951', '2025-02-05', '2025-04-27', 151, 2250, 10, '61932305503'),
('000000000002', '172372921092', '32435301951', '2023-05-17', '2024-03-12', 930, 2500, 9, '61932305503'),
('000000000003', '918717534794', '71812158320', '2023-04-21', '2025-09-01', 632, 3200, 11, '61932305503'),
('000000000004', '078414955750', '12627998612', '2023-06-08', '2024-12-12', 790, 3900, 10, NULL),
('000000000005', '178739624812', '43046749634', '2023-06-08', '2024-08-18', 854, 3700, 9, NULL),
('000000000006', '117892898863', '78390598096', '2023-06-19', '2024-12-13', 960, 6000, 8, NULL),
('000000000007', '444356743409', '24264331876', '2023-01-05', '2024-08-15', 457, 3200, 9, NULL),
('000000000008', '982672012441', '31495693084', '2023-09-09', '2024-10-10', 959, 3000, 12, '84716881040'),
('000000000009', '349699478597', '71780000800', '2023-05-10', '2025-01-09', 424, 3700, 8, '84716881040'),
('000000000010', '774226142988', '13941422898', '2023-01-26', '2025-02-09', 293, 4000, 8, '84716881040'),
('000000000011', '925929089544', '43866163045', '2023-06-26', '2023-09-06', 784, 2250, 12, '84716881040'),
('000000000012', '417803935840', '08529233449', '2023-04-18', '2024-09-10', 232, 2500, 9, NULL),
('000000000013', '562770910703', '32908131171', '2023-11-08', '2024-12-05', 461, 3200, 9, NULL),
('000000000014', '503676862364', '62516139543', '2023-01-30', '2023-04-19', 938, 3900, 11, NULL),
('000000000015', '956103427461', '20094605077', '2023-01-11', '2024-10-01', 601, 3700, 9, '86162080090'),
('000000000016', '506877454397', '23515611842', '2021-12-14', '2022-09-09', 283, 6000, 11, '86162080090'),
('000000000017', '574294585182', '23515611842', '2023-11-28', '2025-03-14', 317, 3200, 10, '86162080090'),
('000000000018', '496964111376', '54725635217', '2023-04-28', '2024-09-23', 536, 3000, 11, NULL),
('000000000019', '205543764255', '62516139543', '2023-09-02', '2024-09-29', 195, 3700, 8, '12465449312'),
('000000000020', '840034486103', '62516139543', '2023-11-27', '2023-12-09', 215, 4000, 9, '74289433787'),
('000000000021', '865165501572', '29487328102', '2023-07-24', '2023-09-18', 684, 2250, 12, '74289433787'),
('000000000022', '117959372641', '11390255771', '2023-06-17', '2023-07-09', 142, 2500, 9, '83122792360'),
('000000000023', '338934917940', '02304240890', '2023-01-12', '2023-09-08', 335, 3200, 9, '13791749292'),
('000000000024', '113157746282', '45508206794', '2023-02-12', '2024-01-04', 396, 3900, 10, '13791749292'),
('000000000025', '219604579938', '97322883630', '2023-05-27', '2023-09-08', 311, 3700, 8, '13791749292'),
('000000000026', '682990235289', '45521687848', '2023-08-05', '2023-09-08', 476, 6000, 11, NULL),
('000000000027', '026628089168', '31336095288', '2023-03-13', '2023-09-08', 369, 3200, 11, NULL),
('000000000028', '579543738241', '88789783997', '2023-08-09', '2023-09-08', 169, 3000, 9, NULL),
('000000000029', '699501853507', '02304240890', '2023-12-03', '2024-09-08', 653, 3700, 12, NULL),
('000000000030', '144027402293', '11390255771', '2023-08-21', '2023-09-08', 802, 4000, 11, NULL),
('000000000031', '239844120035', '02304240890', '2025-05-02', NULL, 328, 2250, 8, '16450311979'),
('000000000032', '172372921092', '45508206794', '2025-03-16', NULL, 621, 2500, 11, '16450311979'),
('000000000033', '918717534794', '97322883630', '2025-10-13', NULL, 615, 3200, 8, '16450311979'),
('000000000034', '078414955750', '45521687848', '2025-12-28', NULL, 731, 3900, 12, '16450311979'),
('000000000035', '178739624812', '31336095288', '2025-02-28', NULL, 737, 3700, 10, '16450311979'),
('000000000036', '117892898863', '88789783997', '2025-12-22', NULL, 266, 6000, 10, '16450311979'),
('000000000037', '444356743409', '86682609020', '2025-09-19', NULL, 316, 3200, 9, '83122792360'),
('000000000038', '982672012441', '76933396183', '2024-09-14', NULL, 681, 3000, 9, '30521257627'),
('000000000039', '349699478597', '42297268915', '2024-11-28', NULL, 292, 3700, 8, '30521257627'),
('000000000040', '774226142988', '53082773192', '2025-05-01', NULL, 365, 4000, 10, NULL),
('000000000041', '925929089544', '25732679828', '2025-04-28', NULL, 267, 2250, 10, NULL),
('000000000042', '417803935840', '32474874638', '2024-02-09', NULL, 898, 2500, 10, NULL),
('000000000043', '562770910703', '08217902911', '2025-04-23', NULL, 313, 3200, 10, NULL),
('000000000044', '579774104569', '86682609020', '2023-01-22', '2024-12-12', 512, 3900, 11, '93832186430'),
('000000000045', '896655298552', '89862920715', '2023-04-25', '2024-12-12', 676, 3700, 8, '93832186430'),
('000000000046', '162471156652', '66072372222', '2023-06-30', '2024-12-12', 725, 6000, 12, NULL),
('000000000047', '158082412538', '83675645830', '2023-12-25', '2024-12-12', 537, 3200, 11, NULL),
('000000000048', '515363568011', '41725462416', '2023-05-03', '2024-12-12', 858, 3000, 9, NULL),
('000000000049', '569798013240', '08217902911', '2023-06-28', '2024-12-12', 392, 3700, 9, NULL),
('000000000050', '012864167521', '52544498513', '2023-03-31', '2025-09-01', 374, 4000, 9, '68788422795'),
('000000000051', '082884573989', '22552111947', '2023-01-01', '2025-09-01', 594, 4000, 12, '68788422795'),
('000000000052', '662146819475', '88917698056', '2023-07-22', '2025-09-01', 652, 4000, 8, '90495436855'),
('000000000053', '212749979166', '47801167617', '2023-09-28', '2025-09-01', 478, 4000, 10, '09406932194');

INSERT INTO Offerta(asta, offerente, orario_offerta, importo) VALUES
('000000000001', '9VF02U229374KL7B', '2025-02-12 08:00:00', 1050),
('000000000001', '64M144395KSJA96F', '2025-03-14 08:15:00', 1200),
('000000000001', '6VW57JP7861E7B9Z', '2025-04-15 08:30:00', 1350),
('000000000001', '9ESLP5WC871TTX60', '2025-04-18 08:45:00', 1500),
('000000000001', '96WA71R59UT6579R', '2025-04-21 09:00:00', 1650),
('000000000001', 'RV6LS99C804N7QF0', '2025-04-02 09:15:00', 1800),
('000000000001', 'O3OUCACMF7211P48', '2025-04-14 09:30:00', 1950),
('000000000001', '9VF02U229374KL7B', '2025-04-15 09:45:00', 2100),
('000000000001', 'O3OUCACMF7211P48', '2025-04-27 10:00:00', 2250),
('000000000002', '97B0RX3935L4J6F2', '2023-10-20 08:05:00', 1300),
('000000000002', '4MT52ZM5SCS9WAX3', '2023-11-29 08:20:00', 1450),
('000000000002', '97B0RX3935L4J6F2', '2023-12-28 08:35:00', 1600),
('000000000002', '796668G8F784122A', '2024-01-19 08:50:00', 1750),
('000000000002', '4MT52ZM5SCS9WAX3', '2024-02-10 09:05:00', 1900),
('000000000002', '796668G8F784122A', '2024-02-28 09:20:00', 2050),
('000000000002', '97B0RX3935L4J6F2', '2024-03-04 09:35:00', 2200),
('000000000002', '4MT52ZM5SCS9WAX3', '2024-03-10 09:50:00', 2350),
('000000000002', 'O3OUCACMF7211P48', '2025-05-28 10:05:00', 2500),
('000000000003', '70XVR77F36AKP581', '2025-05-28 08:10:00', 1100),
('000000000003', '6Z6KOP88Z4667JON', '2025-05-28 08:25:00', 1400),
('000000000003', '70XVR77F36AKP581', '2025-05-28 08:40:00', 1700),
('000000000003', '6Z6KOP88Z4667JON', '2025-05-28 08:55:00', 2000),
('000000000003', '70XVR77F36AKP581', '2025-05-28 09:10:00', 2300),
('000000000003', '6Z6KOP88Z4667JON', '2025-05-28 09:25:00', 2600),
('000000000003', '70XVR77F36AKP581', '2025-05-28 09:40:00', 2900),
('000000000003', 'O3OUCACMF7211P48', '2025-05-28 09:55:00', 3200),
('000000000004', '97B0RX3935L4J6F2', '2023-10-20 08:05:00', 1300),
('000000000004', '4MT52ZM5SCS9WAX3', '2023-11-29 08:20:00', 1450),
('000000000004', '97B0RX3935L4J6F2', '2023-12-28 08:35:00', 1600),
('000000000004', '796668G8F784122A', '2024-01-19 08:50:00', 1750),
('000000000004', '4MT52ZM5SCS9WAX3', '2024-02-10 09:05:00', 1900),
('000000000004', '796668G8F784122A', '2024-02-28 09:20:00', 2050),
('000000000004', '97B0RX3935L4J6F2', '2024-03-04 09:35:00', 2200),
('000000000004', '4MT52ZM5SCS9WAX3', '2024-03-10 09:50:00', 2350),
('000000000004', 'JA4231J23Z75GH58', '2025-05-28 12:00:00', 3900),
('000000000005', '97B0RX3935L4J6F2', '2023-10-20 08:05:00', 1300),
('000000000005', '4MT52ZM5SCS9WAX3', '2023-11-29 08:20:00', 1450),
('000000000005', '97B0RX3935L4J6F2', '2023-12-28 08:35:00', 1600),
('000000000005', '796668G8F784122A', '2024-01-19 08:50:00', 1750),
('000000000005', '4MT52ZM5SCS9WAX3', '2024-02-10 09:05:00', 1900),
('000000000005', '796668G8F784122A', '2024-02-28 09:20:00', 2050),
('000000000005', '97B0RX3935L4J6F2', '2024-03-05 09:35:00', 2200),
('000000000005', '4MT52ZM5SCS9WAX3', '2024-03-10 09:50:00', 2350),
('000000000005', 'JA4231J23Z75GH58', '2024-08-18 11:50:00', 3700),
('000000000006', '97B0RX3935L4J6F2', '2023-10-20 08:05:00', 1300),
('000000000006', '4MT52ZM5SCS9WAX3', '2023-11-29 08:20:00', 1450),
('000000000006', '97B0RX3935L4J6F2', '2023-12-28 08:35:00', 1600),
('000000000006', '796668G8F784122A', '2024-01-19 08:50:00', 1750),
('000000000006', '4MT52ZM5SCS9WAX3', '2024-02-10 09:05:00', 1900),
('000000000006', '796668G8F784122A', '2024-02-28 09:20:00', 2050),
('000000000006', '97B0RX3935L4J6F2', '2024-03-04 09:35:00', 2200),
('000000000006', '4MT52ZM5SCS9WAX3', '2024-03-10 09:50:00', 2350),
('000000000006', 'RV6LS99C804N7QF0', '2025-05-28 12:40:00', 5200),
('000000000006', 'RV6LS99C804N7QF0', '2025-05-28 13:10:00', 5600),
('000000000006', 'JA4231J23Z75GH58', '2025-05-28 13:40:00', 6000),
('000000000007', '97B0RX3935L4J6F2', '2023-10-20 08:05:00', 1300),
('000000000007', '4MT52ZM5SCS9WAX3', '2023-11-29 08:20:00', 1450),
('000000000007', '97B0RX3935L4J6F2', '2023-12-28 08:35:00', 1600),
('000000000007', '796668G8F784122A', '2024-01-19 08:50:00', 1750),
('000000000007', '4MT52ZM5SCS9WAX3', '2024-02-10 09:05:00', 1900),
('000000000007', '796668G8F784122A', '2024-02-28 09:20:00', 2050),
('000000000007', '97B0RX3935L4J6F2', '2024-03-04 09:35:00', 2200),
('000000000007', '4MT52ZM5SCS9WAX3', '2024-03-10 09:50:00', 2350),
('000000000007', 'O3OUCACMF7211P48', '2025-05-28 10:05:00', 2500),
('000000000007', 'JA4231J23Z75GH58', '2025-05-28 15:45:00', 3200),
('000000000008', '9VF02U229374KL7B', '2025-02-12 08:00:00', 1050),
('000000000008', '64M144395KSJA96F', '2025-03-14 08:15:00', 1200),
('000000000008', '6VW57JP7861E7B9Z', '2025-04-15 08:30:00', 1350),
('000000000008', '9ESLP5WC871TTX60', '2025-04-18 08:45:00', 1500),
('000000000008', '96WA71R59UT6579R', '2025-04-21 09:00:00', 1650),
('000000000008', 'RV6LS99C804N7QF0', '2025-04-02 09:15:00', 1800),
('000000000008', 'O3OUCACMF7211P48', '2025-04-14 09:30:00', 1950),
('000000000008', '9VF02U229374KL7B', '2025-04-15 09:45:00', 2100),
('000000000008', 'HWZZS6MUI3DC5RWN', '2025-05-28 17:45:00', 3000),
('000000000009', '9VF02U229374KL7B', '2025-02-12 08:00:00', 1050),
('000000000009', '64M144395KSJA96F', '2025-03-14 08:15:00', 1200),
('000000000009', '6VW57JP7861E7B9Z', '2025-04-15 08:30:00', 1350),
('000000000009', '9ESLP5WC871TTX60', '2025-04-18 08:45:00', 1500),
('000000000009', '96WA71R59UT6579R', '2025-04-21 09:00:00', 1650),
('000000000009', 'RV6LS99C804N7QF0', '2025-04-02 09:15:00', 1800),
('000000000009', 'O3OUCACMF7211P48', '2025-04-14 09:30:00', 1950),
('000000000009', '9VF02U229374KL7B', '2025-04-15 09:45:00', 2100),
('000000000009', 'HWZZS6MUI3DC5RWN', '2025-05-28 19:45:00', 3700),
('000000000010', '9VF02U229374KL7B', '2025-02-12 08:00:00', 1050),
('000000000010', '64M144395KSJA96F', '2025-03-14 08:15:00', 1200),
('000000000010', '6VW57JP7861E7B9Z', '2025-04-15 08:30:00', 1350),
('000000000010', '9ESLP5WC871TTX60', '2025-04-18 08:45:00', 1500),
('000000000010', '96WA71R59UT6579R', '2025-04-21 09:00:00', 1650),
('000000000010', 'RV6LS99C804N7QF0', '2025-04-02 09:15:00', 1800),
('000000000010', 'O3OUCACMF7211P48', '2025-04-14 09:30:00', 1950),
('000000000010', '9VF02U229374KL7B', '2025-04-15 09:45:00', 2100),
('000000000010', 'HWZZS6MUI3DC5RWN', '2025-05-28 21:45:00', 4000),
('000000000011', '9VF02U229374KL7B', '2025-02-12 08:00:00', 1050),
('000000000011', '64M144395KSJA96F', '2025-03-14 08:15:00', 1200),
('000000000011', '6VW57JP7861E7B9Z', '2025-04-15 08:30:00', 1350),
('000000000011', '9ESLP5WC871TTX60', '2025-04-18 08:45:00', 1500),
('000000000011', '96WA71R59UT6579R', '2025-04-21 09:00:00', 1650),
('000000000011', 'RV6LS99C804N7QF0', '2025-04-02 09:15:00', 1800),
('000000000011', 'O3OUCACMF7211P48', '2025-04-14 09:30:00', 1950),
('000000000011', '9VF02U229374KL7B', '2025-04-15 09:45:00', 2100),
('000000000011', 'B4XE7184NG18DFMW', '2025-04-27 10:00:00', 2250),
('000000000012', '97B0RX3935L4J6F2', '2023-10-20 08:05:00', 1300),
('000000000012', '4MT52ZM5SCS9WAX3', '2023-11-29 08:20:00', 1450),
('000000000012', '97B0RX3935L4J6F2', '2023-12-28 08:35:00', 1600),
('000000000012', '796668G8F784122A', '2024-01-19 08:50:00', 1750),
('000000000012', '4MT52ZM5SCS9WAX3', '2024-02-10 09:05:00', 1900),
('000000000012', '796668G8F784122A', '2024-02-28 09:20:00', 2050),
('000000000012', '97B0RX3935L4J6F2', '2024-03-04 09:35:00', 2200),
('000000000012', '4MT52ZM5SCS9WAX3', '2024-03-10 09:50:00', 2350),
('000000000012', 'B4XE7184NG18DFMW', '2025-05-28 10:05:00', 2500),
('000000000013', '70XVR77F36AKP581', '2025-05-28 08:10:00', 1100),
('000000000013', '6Z6KOP88Z4667JON', '2025-05-28 08:25:00', 1400),
('000000000013', '70XVR77F36AKP581', '2025-05-28 08:40:00', 1700),
('000000000013', '6Z6KOP88Z4667JON', '2025-05-28 08:55:00', 2000),
('000000000013', '70XVR77F36AKP581', '2025-05-28 09:10:00', 2300),
('000000000013', '6Z6KOP88Z4667JON', '2025-05-28 09:25:00', 2600),
('000000000013', '70XVR77F36AKP581', '2025-05-28 09:40:00', 2900),
('000000000013', '1J553L60SU90F875', '2025-05-28 09:55:00', 3200),
('000000000014', '97B0RX3935L4J6F2', '2023-10-20 08:05:00', 1300),
('000000000014', '4MT52ZM5SCS9WAX3', '2023-11-29 08:20:00', 1450),
('000000000014', '97B0RX3935L4J6F2', '2023-12-28 08:35:00', 1600),
('000000000014', '796668G8F784122A', '2024-01-19 08:50:00', 1750),
('000000000014', '4MT52ZM5SCS9WAX3', '2024-02-10 09:05:00', 1900),
('000000000014', '796668G8F784122A', '2024-02-28 09:20:00', 2050),
('000000000014', '97B0RX3935L4J6F2', '2024-03-04 09:35:00', 2200),
('000000000014', '4MT52ZM5SCS9WAX3', '2024-03-10 09:50:00', 2350),
('000000000014', '1J553L60SU90F875', '2024-09-10 12:00:00', 3900),
('000000000015', '97B0RX3935L4J6F2', '2023-10-20 08:05:00', 1300),
('000000000015', '4MT52ZM5SCS9WAX3', '2023-11-29 08:20:00', 1450),
('000000000015', '97B0RX3935L4J6F2', '2023-12-28 08:35:00', 1600),
('000000000015', '796668G8F784122A', '2024-01-19 08:50:00', 1750),
('000000000015', '4MT52ZM5SCS9WAX3', '2024-02-10 09:05:00', 1900),
('000000000015', '796668G8F784122A', '2024-02-28 09:20:00', 2050),
('000000000015', '97B0RX3935L4J6F2', '2024-03-05 09:35:00', 2200),
('000000000015', '4MT52ZM5SCS9WAX3', '2024-03-10 09:50:00', 2350),
('000000000015', '12Y8W8W23IG8VYY5', '2024-08-18 11:50:00', 3700),
('000000000016', '97B0RX3935L4J6F2', '2023-10-20 08:05:00', 1300),
('000000000016', '4MT52ZM5SCS9WAX3', '2023-11-29 08:20:00', 1450),
('000000000016', '97B0RX3935L4J6F2', '2023-12-28 08:35:00', 1600),
('000000000016', '796668G8F784122A', '2024-01-19 08:50:00', 1750),
('000000000016', '4MT52ZM5SCS9WAX3', '2024-02-10 09:05:00', 1900),
('000000000016', '796668G8F784122A', '2024-02-28 09:20:00', 2050),
('000000000016', '97B0RX3935L4J6F2', '2024-03-04 09:35:00', 2200),
('000000000016', '4MT52ZM5SCS9WAX3', '2024-03-10 09:50:00', 2350),
('000000000016', 'RV6LS99C804N7QF0', '2025-05-28 12:40:00', 5200),
('000000000016', 'RV6LS99C804N7QF0', '2025-05-28 13:10:00', 5600),
('000000000016', '7F90X18Q1403XXG4', '2025-05-28 13:40:00', 6000),
('000000000017', '97B0RX3935L4J6F2', '2023-10-20 08:05:00', 1300),
('000000000017', '4MT52ZM5SCS9WAX3', '2023-11-29 08:20:00', 1450),
('000000000017', '97B0RX3935L4J6F2', '2023-12-28 08:35:00', 1600),
('000000000017', '796668G8F784122A', '2024-01-19 08:50:00', 1750),
('000000000017', '4MT52ZM5SCS9WAX3', '2024-02-10 09:05:00', 1900),
('000000000017', '796668G8F784122A', '2024-02-28 09:20:00', 2050),
('000000000017', '97B0RX3935L4J6F2', '2024-03-04 09:35:00', 2200),
('000000000017', '4MT52ZM5SCS9WAX3', '2024-03-10 09:50:00', 2350),
('000000000017', 'O3OUCACMF7211P48', '2025-05-28 10:05:00', 2500),
('000000000017', '7F90X18Q1403XXG4', '2025-05-28 15:45:00', 3200),
('000000000018', '9VF02U229374KL7B', '2025-02-12 08:00:00', 1050),
('000000000018', '64M144395KSJA96F', '2025-03-14 08:15:00', 1200),
('000000000018', '6VW57JP7861E7B9Z', '2025-04-15 08:30:00', 1350),
('000000000018', '9ESLP5WC871TTX60', '2025-04-18 08:45:00', 1500),
('000000000018', '96WA71R59UT6579R', '2025-04-21 09:00:00', 1650),
('000000000018', 'RV6LS99C804N7QF0', '2025-04-02 09:15:00', 1800),
('000000000018', 'O3OUCACMF7211P48', '2025-04-14 09:30:00', 1950),
('000000000018', '9VF02U229374KL7B', '2025-04-15 09:45:00', 2100),
('000000000018', '7F90X18Q1403XXG4', '2025-05-28 17:45:00', 3000),
('000000000019', '9VF02U229374KL7B', '2025-02-12 08:00:00', 1050),
('000000000019', '64M144395KSJA96F', '2025-03-14 08:15:00', 1200),
('000000000019', '6VW57JP7861E7B9Z', '2025-04-15 08:30:00', 1350),
('000000000019', '9ESLP5WC871TTX60', '2025-04-18 08:45:00', 1500),
('000000000019', '96WA71R59UT6579R', '2025-04-21 09:00:00', 1650),
('000000000019', 'RV6LS99C804N7QF0', '2025-04-02 09:15:00', 1800),
('000000000019', 'O3OUCACMF7211P48', '2025-04-14 09:30:00', 1950),
('000000000019', '9VF02U229374KL7B', '2025-04-15 09:45:00', 2100),
('000000000019', '7F90X18Q1403XXG4', '2025-05-28 19:45:00', 3700),
('000000000020', '9VF02U229374KL7B', '2025-02-12 08:00:00', 1050),
('000000000020', '64M144395KSJA96F', '2025-03-14 08:15:00', 1200),
('000000000020', '6VW57JP7861E7B9Z', '2025-04-15 08:30:00', 1350),
('000000000020', '9ESLP5WC871TTX60', '2025-04-18 08:45:00', 1500),
('000000000020', '96WA71R59UT6579R', '2025-04-21 09:00:00', 1650),
('000000000020', 'RV6LS99C804N7QF0', '2025-04-02 09:15:00', 1800),
('000000000020', 'O3OUCACMF7211P48', '2025-04-14 09:30:00', 1950),
('000000000020', '9VF02U229374KL7B', '2025-04-15 09:45:00', 2100),
('000000000020', '7F90X18Q1403XXG4', '2025-05-28 21:45:00', 4000),
('000000000021', '9VF02U229374KL7B', '2025-02-12 08:00:00', 1050),
('000000000021', '64M144395KSJA96F', '2025-03-14 08:15:00', 1200),
('000000000021', '6VW57JP7861E7B9Z', '2025-04-15 08:30:00', 1350),
('000000000021', '9ESLP5WC871TTX60', '2025-04-18 08:45:00', 1500),
('000000000021', '96WA71R59UT6579R', '2025-04-21 09:00:00', 1650),
('000000000021', 'RV6LS99C804N7QF0', '2025-04-02 09:15:00', 1800),
('000000000021', 'O3OUCACMF7211P48', '2025-04-14 09:30:00', 1950),
('000000000021', '9VF02U229374KL7B', '2025-04-15 09:45:00', 2100),
('000000000021', '7F90X18Q1403XXG4', '2025-04-27 10:00:00', 2250),
('000000000022', '97B0RX3935L4J6F2', '2023-10-20 08:05:00', 1300),
('000000000022', '4MT52ZM5SCS9WAX3', '2023-11-29 08:20:00', 1450),
('000000000022', '97B0RX3935L4J6F2', '2023-12-28 08:35:00', 1600),
('000000000022', '796668G8F784122A', '2024-01-19 08:50:00', 1750),
('000000000022', '4MT52ZM5SCS9WAX3', '2024-02-10 09:05:00', 1900),
('000000000022', '796668G8F784122A', '2024-02-28 09:20:00', 2050),
('000000000022', '97B0RX3935L4J6F2', '2024-03-04 09:35:00', 2200),
('000000000022', '4MT52ZM5SCS9WAX3', '2024-03-10 09:50:00', 2350),
('000000000022', '7F90X18Q1403XXG4', '2025-05-28 10:05:00', 2500),
('000000000023', '70XVR77F36AKP581', '2025-05-28 08:10:00', 1100),
('000000000023', '6Z6KOP88Z4667JON', '2025-05-28 08:25:00', 1400),
('000000000023', '70XVR77F36AKP581', '2025-05-28 08:40:00', 1700),
('000000000023', '6Z6KOP88Z4667JON', '2025-05-28 08:55:00', 2000),
('000000000023', '70XVR77F36AKP581', '2025-05-28 09:10:00', 2300),
('000000000023', '6Z6KOP88Z4667JON', '2025-05-28 09:25:00', 2600),
('000000000023', '70XVR77F36AKP581', '2025-05-28 09:40:00', 2900),
('000000000023', '7F90X18Q1403XXG4', '2025-05-28 09:55:00', 3200),
('000000000024', '97B0RX3935L4J6F2', '2023-10-20 08:05:00', 1300),
('000000000024', '4MT52ZM5SCS9WAX3', '2023-11-29 08:20:00', 1450),
('000000000024', '97B0RX3935L4J6F2', '2023-12-28 08:35:00', 1600),
('000000000024', '796668G8F784122A', '2024-01-19 08:50:00', 1750),
('000000000024', '4MT52ZM5SCS9WAX3', '2024-02-10 09:05:00', 1900),
('000000000024', '796668G8F784122A', '2024-02-28 09:20:00', 2050),
('000000000024', '97B0RX3935L4J6F2', '2024-03-04 09:35:00', 2200),
('000000000024', '4MT52ZM5SCS9WAX3', '2024-03-10 09:50:00', 2350),
('000000000024', 'H59I4673647LU2L7', '2024-09-10 12:00:00', 3900),
('000000000025', '97B0RX3935L4J6F2', '2023-10-20 08:05:00', 1300),
('000000000025', '4MT52ZM5SCS9WAX3', '2023-11-29 08:20:00', 1450),
('000000000025', '97B0RX3935L4J6F2', '2023-12-28 08:35:00', 1600),
('000000000025', '796668G8F784122A', '2024-01-19 08:50:00', 1750),
('000000000025', '4MT52ZM5SCS9WAX3', '2024-02-10 09:05:00', 1900),
('000000000025', '796668G8F784122A', '2024-02-28 09:20:00', 2050),
('000000000025', '97B0RX3935L4J6F2', '2024-03-05 09:35:00', 2200),
('000000000025', '4MT52ZM5SCS9WAX3', '2024-03-10 09:50:00', 2350),
('000000000025', 'H59I4673647LU2L7', '2024-08-18 11:50:00', 3700),
('000000000026', '97B0RX3935L4J6F2', '2023-10-20 08:05:00', 1300),
('000000000026', '4MT52ZM5SCS9WAX3', '2023-11-29 08:20:00', 1450),
('000000000026', '97B0RX3935L4J6F2', '2023-12-28 08:35:00', 1600),
('000000000026', '796668G8F784122A', '2024-01-19 08:50:00', 1750),
('000000000026', '4MT52ZM5SCS9WAX3', '2024-02-10 09:05:00', 1900),
('000000000026', '796668G8F784122A', '2024-02-28 09:20:00', 2050),
('000000000026', '97B0RX3935L4J6F2', '2024-03-04 09:35:00', 2200),
('000000000026', '4MT52ZM5SCS9WAX3', '2024-03-10 09:50:00', 2350),
('000000000026', 'RV6LS99C804N7QF0', '2025-05-28 12:40:00', 5200),
('000000000026', 'RV6LS99C804N7QF0', '2025-05-28 13:10:00', 5600),
('000000000026', 'H59I4673647LU2L7', '2025-05-28 13:40:00', 6000),
('000000000027', '97B0RX3935L4J6F2', '2023-10-20 08:05:00', 1300),
('000000000027', '4MT52ZM5SCS9WAX3', '2023-11-29 08:20:00', 1450),
('000000000027', '97B0RX3935L4J6F2', '2023-12-28 08:35:00', 1600),
('000000000027', '796668G8F784122A', '2024-01-19 08:50:00', 1750),
('000000000027', '4MT52ZM5SCS9WAX3', '2024-02-10 09:05:00', 1900),
('000000000027', '796668G8F784122A', '2024-02-28 09:20:00', 2050),
('000000000027', '97B0RX3935L4J6F2', '2024-03-04 09:35:00', 2200),
('000000000027', '4MT52ZM5SCS9WAX3', '2024-03-10 09:50:00', 2350),
('000000000027', 'O3OUCACMF7211P48', '2025-05-28 10:05:00', 2500),
('000000000027', 'H59I4673647LU2L7', '2025-05-28 15:45:00', 3200),
('000000000028', '9VF02U229374KL7B', '2025-02-12 08:00:00', 1050),
('000000000028', '64M144395KSJA96F', '2025-03-14 08:15:00', 1200),
('000000000028', '6VW57JP7861E7B9Z', '2025-04-15 08:30:00', 1350),
('000000000028', '9ESLP5WC871TTX60', '2025-04-18 08:45:00', 1500),
('000000000028', '96WA71R59UT6579R', '2025-04-21 09:00:00', 1650),
('000000000028', 'RV6LS99C804N7QF0', '2025-04-02 09:15:00', 1800),
('000000000028', 'O3OUCACMF7211P48', '2025-04-14 09:30:00', 1950),
('000000000028', '9VF02U229374KL7B', '2025-04-15 09:45:00', 2100),
('000000000028', 'H59I4673647LU2L7', '2025-05-28 17:45:00', 3000),
('000000000029', '9VF02U229374KL7B', '2025-02-12 08:00:00', 1050),
('000000000029', '64M144395KSJA96F', '2025-03-14 08:15:00', 1200),
('000000000029', '6VW57JP7861E7B9Z', '2025-04-15 08:30:00', 1350),
('000000000029', '9ESLP5WC871TTX60', '2025-04-18 08:45:00', 1500),
('000000000029', '96WA71R59UT6579R', '2025-04-21 09:00:00', 1650),
('000000000029', 'RV6LS99C804N7QF0', '2025-04-02 09:15:00', 1800),
('000000000029', 'O3OUCACMF7211P48', '2025-04-14 09:30:00', 1950),
('000000000029', '9VF02U229374KL7B', '2025-04-15 09:45:00', 2100),
('000000000029', 'H59I4673647LU2L7', '2025-05-28 19:45:00', 3700),
('000000000030', '9VF02U229374KL7B', '2025-02-12 08:00:00', 1050),
('000000000030', '64M144395KSJA96F', '2025-03-14 08:15:00', 1200),
('000000000030', '6VW57JP7861E7B9Z', '2025-04-15 08:30:00', 1350),
('000000000030', '9ESLP5WC871TTX60', '2025-04-18 08:45:00', 1500),
('000000000030', '96WA71R59UT6579R', '2025-04-21 09:00:00', 1650),
('000000000030', 'RV6LS99C804N7QF0', '2025-04-02 09:15:00', 1800),
('000000000030', 'O3OUCACMF7211P48', '2025-04-14 09:30:00', 1950),
('000000000030', '9VF02U229374KL7B', '2025-04-15 09:45:00', 2100),
('000000000030', 'H59I4673647LU2L7', '2025-05-28 21:45:00', 4000),
('000000000031', '9VF02U229374KL7B', '2025-02-12 08:00:00', 1050),
('000000000031', '64M144395KSJA96F', '2025-03-14 08:15:00', 1200),
('000000000031', '6VW57JP7861E7B9Z', '2025-04-15 08:30:00', 1350),
('000000000031', '9ESLP5WC871TTX60', '2025-04-18 08:45:00', 1500),
('000000000031', '96WA71R59UT6579R', '2025-04-21 09:00:00', 1650),
('000000000031', 'RV6LS99C804N7QF0', '2025-04-02 09:15:00', 1800),
('000000000031', 'O3OUCACMF7211P48', '2025-04-14 09:30:00', 1950),
('000000000031', '9VF02U229374KL7B', '2025-04-15 09:45:00', 2100),
('000000000031', '7F90X18Q1403XXG4', '2025-04-27 10:00:00', 2250),
('000000000032', '97B0RX3935L4J6F2', '2023-10-20 08:05:00', 1300),
('000000000032', '4MT52ZM5SCS9WAX3', '2023-11-29 08:20:00', 1450),
('000000000032', '97B0RX3935L4J6F2', '2023-12-28 08:35:00', 1600),
('000000000032', '796668G8F784122A', '2024-01-19 08:50:00', 1750),
('000000000032', '4MT52ZM5SCS9WAX3', '2024-02-10 09:05:00', 1900),
('000000000032', '796668G8F784122A', '2024-02-28 09:20:00', 2050),
('000000000032', '97B0RX3935L4J6F2', '2024-03-04 09:35:00', 2200),
('000000000032', '4MT52ZM5SCS9WAX3', '2024-03-10 09:50:00', 2350),
('000000000032', '7F90X18Q1403XXG4', '2025-05-28 10:05:00', 2500),
('000000000033', '70XVR77F36AKP581', '2025-05-28 08:10:00', 1100),
('000000000033', '6Z6KOP88Z4667JON', '2025-05-28 08:25:00', 1400),
('000000000033', '70XVR77F36AKP581', '2025-05-28 08:40:00', 1700),
('000000000033', '6Z6KOP88Z4667JON', '2025-05-28 08:55:00', 2000),
('000000000033', '70XVR77F36AKP581', '2025-05-28 09:10:00', 2300),
('000000000033', '6Z6KOP88Z4667JON', '2025-05-28 09:25:00', 2600),
('000000000033', '70XVR77F36AKP581', '2025-05-28 09:40:00', 2900),
('000000000033', '7F90X18Q1403XXG4', '2025-05-28 09:55:00', 3200),
('000000000034', '97B0RX3935L4J6F2', '2023-10-20 08:05:00', 1300),
('000000000034', '4MT52ZM5SCS9WAX3', '2023-11-29 08:20:00', 1450),
('000000000034', '97B0RX3935L4J6F2', '2023-12-28 08:35:00', 1600),
('000000000034', '796668G8F784122A', '2024-01-19 08:50:00', 1750),
('000000000034', '4MT52ZM5SCS9WAX3', '2024-02-10 09:05:00', 1900),
('000000000034', '796668G8F784122A', '2024-02-28 09:20:00', 2050),
('000000000034', '97B0RX3935L4J6F2', '2024-03-04 09:35:00', 2200),
('000000000034', '4MT52ZM5SCS9WAX3', '2024-03-10 09:50:00', 2350),
('000000000034', 'H59I4673647LU2L7', '2024-09-10 12:00:00', 3900),
('000000000035', '97B0RX3935L4J6F2', '2023-10-20 08:05:00', 1300),
('000000000035', '4MT52ZM5SCS9WAX3', '2023-11-29 08:20:00', 1450),
('000000000035', '97B0RX3935L4J6F2', '2023-12-28 08:35:00', 1600),
('000000000035', '796668G8F784122A', '2024-01-19 08:50:00', 1750),
('000000000035', '4MT52ZM5SCS9WAX3', '2024-02-10 09:05:00', 1900),
('000000000035', '796668G8F784122A', '2024-02-28 09:20:00', 2050),
('000000000035', '97B0RX3935L4J6F2', '2024-03-05 09:35:00', 2200),
('000000000035', '4MT52ZM5SCS9WAX3', '2024-03-10 09:50:00', 2350),
('000000000035', 'H59I4673647LU2L7', '2024-08-18 11:50:00', 3700),
('000000000036', '97B0RX3935L4J6F2', '2023-10-20 08:05:00', 1300),
('000000000036', '4MT52ZM5SCS9WAX3', '2023-11-29 08:20:00', 1450),
('000000000036', '97B0RX3935L4J6F2', '2023-12-28 08:35:00', 1600),
('000000000036', '796668G8F784122A', '2024-01-19 08:50:00', 1750),
('000000000036', '4MT52ZM5SCS9WAX3', '2024-02-10 09:05:00', 1900),
('000000000036', '796668G8F784122A', '2024-02-28 09:20:00', 2050),
('000000000036', '97B0RX3935L4J6F2', '2024-03-04 09:35:00', 2200),
('000000000036', '4MT52ZM5SCS9WAX3', '2024-03-10 09:50:00', 2350),
('000000000036', 'RV6LS99C804N7QF0', '2025-05-28 12:40:00', 5200),
('000000000036', 'RV6LS99C804N7QF0', '2025-05-28 13:10:00', 5600),
('000000000036', 'H59I4673647LU2L7', '2025-05-28 13:40:00', 6000),
('000000000037', '97B0RX3935L4J6F2', '2023-10-20 08:05:00', 1300),
('000000000037', '4MT52ZM5SCS9WAX3', '2023-11-29 08:20:00', 1450),
('000000000037', '97B0RX3935L4J6F2', '2023-12-28 08:35:00', 1600),
('000000000037', '796668G8F784122A', '2024-01-19 08:50:00', 1750),
('000000000037', '4MT52ZM5SCS9WAX3', '2024-02-10 09:05:00', 1900),
('000000000037', '796668G8F784122A', '2024-02-28 09:20:00', 2050),
('000000000037', '97B0RX3935L4J6F2', '2024-03-04 09:35:00', 2200),
('000000000037', '4MT52ZM5SCS9WAX3', '2024-03-10 09:50:00', 2350),
('000000000037', 'O3OUCACMF7211P48', '2025-05-28 10:05:00', 2500),
('000000000037', 'H59I4673647LU2L7', '2025-05-28 15:45:00', 3200),
('000000000038', '9VF02U229374KL7B', '2025-02-12 08:00:00', 1050),
('000000000038', '64M144395KSJA96F', '2025-03-14 08:15:00', 1200),
('000000000038', '6VW57JP7861E7B9Z', '2025-04-15 08:30:00', 1350),
('000000000038', '9ESLP5WC871TTX60', '2025-04-18 08:45:00', 1500),
('000000000038', '96WA71R59UT6579R', '2025-04-21 09:00:00', 1650),
('000000000038', 'RV6LS99C804N7QF0', '2025-04-02 09:15:00', 1800),
('000000000038', 'O3OUCACMF7211P48', '2025-04-14 09:30:00', 1950),
('000000000038', '9VF02U229374KL7B', '2025-04-15 09:45:00', 2100),
('000000000038', 'H59I4673647LU2L7', '2025-05-28 17:45:00', 3000),
('000000000039', '9VF02U229374KL7B', '2025-02-12 08:00:00', 1050),
('000000000039', '64M144395KSJA96F', '2025-03-14 08:15:00', 1200),
('000000000039', '6VW57JP7861E7B9Z', '2025-04-15 08:30:00', 1350),
('000000000039', '9ESLP5WC871TTX60', '2025-04-18 08:45:00', 1500),
('000000000039', '96WA71R59UT6579R', '2025-04-21 09:00:00', 1650),
('000000000039', 'RV6LS99C804N7QF0', '2025-04-02 09:15:00', 1800),
('000000000039', 'O3OUCACMF7211P48', '2025-04-14 09:30:00', 1950),
('000000000039', '9VF02U229374KL7B', '2025-04-15 09:45:00', 2100),
('000000000039', 'H59I4673647LU2L7', '2025-05-28 19:45:00', 3700),
('000000000040', '9VF02U229374KL7B', '2025-02-12 08:00:00', 1050),
('000000000040', '64M144395KSJA96F', '2025-03-14 08:15:00', 1200),
('000000000040', '6VW57JP7861E7B9Z', '2025-04-15 08:30:00', 1350),
('000000000040', '9ESLP5WC871TTX60', '2025-04-18 08:45:00', 1500),
('000000000040', '96WA71R59UT6579R', '2025-04-21 09:00:00', 1650),
('000000000040', 'RV6LS99C804N7QF0', '2025-04-02 09:15:00', 1800),
('000000000040', 'O3OUCACMF7211P48', '2025-04-14 09:30:00', 1950),
('000000000040', '9VF02U229374KL7B', '2025-04-15 09:45:00', 2100),
('000000000040', 'H59I4673647LU2L7', '2025-05-28 21:45:00', 4000),
('000000000041', '9VF02U229374KL7B', '2025-02-12 08:00:00', 1050),
('000000000041', '64M144395KSJA96F', '2025-03-14 08:15:00', 1200),
('000000000041', '6VW57JP7861E7B9Z', '2025-04-15 08:30:00', 1350),
('000000000041', '9ESLP5WC871TTX60', '2025-04-18 08:45:00', 1500),
('000000000041', '96WA71R59UT6579R', '2025-04-21 09:00:00', 1650),
('000000000041', 'RV6LS99C804N7QF0', '2025-04-02 09:15:00', 1800),
('000000000041', 'O3OUCACMF7211P48', '2025-04-14 09:30:00', 1950),
('000000000041', '9VF02U229374KL7B', '2025-04-15 09:45:00', 2100),
('000000000041', '7F90X18Q1403XXG4', '2025-04-27 10:00:00', 2250),
('000000000042', '97B0RX3935L4J6F2', '2023-10-20 08:05:00', 1300),
('000000000042', '4MT52ZM5SCS9WAX3', '2023-11-29 08:20:00', 1450),
('000000000042', '97B0RX3935L4J6F2', '2023-12-28 08:35:00', 1600),
('000000000042', '796668G8F784122A', '2024-01-19 08:50:00', 1750),
('000000000042', '4MT52ZM5SCS9WAX3', '2024-02-10 09:05:00', 1900),
('000000000042', '796668G8F784122A', '2024-02-28 09:20:00', 2050),
('000000000042', '97B0RX3935L4J6F2', '2024-03-04 09:35:00', 2200),
('000000000042', '4MT52ZM5SCS9WAX3', '2024-03-10 09:50:00', 2350),
('000000000042', '7F90X18Q1403XXG4', '2025-05-28 10:05:00', 2500),
('000000000043', '70XVR77F36AKP581', '2025-05-28 08:10:00', 1100),
('000000000043', '6Z6KOP88Z4667JON', '2025-05-28 08:25:00', 1400),
('000000000043', '70XVR77F36AKP581', '2025-05-28 08:40:00', 1700),
('000000000043', '6Z6KOP88Z4667JON', '2025-05-28 08:55:00', 2000),
('000000000043', '70XVR77F36AKP581', '2025-05-28 09:10:00', 2300),
('000000000043', '6Z6KOP88Z4667JON', '2025-05-28 09:25:00', 2600),
('000000000043', '70XVR77F36AKP581', '2025-05-28 09:40:00', 2900),
('000000000043', '7F90X18Q1403XXG4', '2025-05-28 09:55:00', 3200),
('000000000044', '97B0RX3935L4J6F2', '2023-10-20 08:05:00', 1300),
('000000000044', '4MT52ZM5SCS9WAX3', '2023-11-29 08:20:00', 1450),
('000000000044', '97B0RX3935L4J6F2', '2023-12-28 08:35:00', 1600),
('000000000044', '796668G8F784122A', '2024-01-19 08:50:00', 1750),
('000000000044', '4MT52ZM5SCS9WAX3', '2024-02-10 09:05:00', 1900),
('000000000044', '796668G8F784122A', '2024-02-28 09:20:00', 2050),
('000000000044', '97B0RX3935L4J6F2', '2024-03-04 09:35:00', 2200),
('000000000044', '4MT52ZM5SCS9WAX3', '2024-03-10 09:50:00', 2350),
('000000000044', 'G07SCR417W6095CN', '2024-09-10 12:00:00', 3900),
('000000000045', '97B0RX3935L4J6F2', '2023-10-20 08:05:00', 1300),
('000000000045', '4MT52ZM5SCS9WAX3', '2023-11-29 08:20:00', 1450),
('000000000045', '97B0RX3935L4J6F2', '2023-12-28 08:35:00', 1600),
('000000000045', '796668G8F784122A', '2024-01-19 08:50:00', 1750),
('000000000045', '4MT52ZM5SCS9WAX3', '2024-02-10 09:05:00', 1900),
('000000000045', '796668G8F784122A', '2024-02-28 09:20:00', 2050),
('000000000045', '97B0RX3935L4J6F2', '2024-03-05 09:35:00', 2200),
('000000000045', '4MT52ZM5SCS9WAX3', '2024-03-10 09:50:00', 2350),
('000000000045', 'G07SCR417W6095CN', '2024-08-18 11:50:00', 3700),
('000000000046', '97B0RX3935L4J6F2', '2023-10-20 08:05:00', 1300),
('000000000046', '4MT52ZM5SCS9WAX3', '2023-11-29 08:20:00', 1450),
('000000000046', '97B0RX3935L4J6F2', '2023-12-28 08:35:00', 1600),
('000000000046', '796668G8F784122A', '2024-01-19 08:50:00', 1750),
('000000000046', '4MT52ZM5SCS9WAX3', '2024-02-10 09:05:00', 1900),
('000000000046', '796668G8F784122A', '2024-02-28 09:20:00', 2050),
('000000000046', '97B0RX3935L4J6F2', '2024-03-04 09:35:00', 2200),
('000000000046', '4MT52ZM5SCS9WAX3', '2024-03-10 09:50:00', 2350),
('000000000046', 'RV6LS99C804N7QF0', '2025-05-28 12:40:00', 5200),
('000000000046', 'RV6LS99C804N7QF0', '2025-05-28 13:10:00', 5600),
('000000000046', 'G07SCR417W6095CN', '2025-05-28 13:40:00', 6000),
('000000000047', '97B0RX3935L4J6F2', '2023-10-20 08:05:00', 1300),
('000000000047', '4MT52ZM5SCS9WAX3', '2023-11-29 08:20:00', 1450),
('000000000047', '97B0RX3935L4J6F2', '2023-12-28 08:35:00', 1600),
('000000000047', '796668G8F784122A', '2024-01-19 08:50:00', 1750),
('000000000047', '4MT52ZM5SCS9WAX3', '2024-02-10 09:05:00', 1900),
('000000000047', '796668G8F784122A', '2024-02-28 09:20:00', 2050),
('000000000047', '97B0RX3935L4J6F2', '2024-03-04 09:35:00', 2200),
('000000000047', '4MT52ZM5SCS9WAX3', '2024-03-10 09:50:00', 2350),
('000000000047', 'O3OUCACMF7211P48', '2025-05-28 10:05:00', 2500),
('000000000047', 'G07SCR417W6095CN', '2025-05-28 15:45:00', 3200),
('000000000048', '9VF02U229374KL7B', '2025-02-12 08:00:00', 1050),
('000000000048', '64M144395KSJA96F', '2025-03-14 08:15:00', 1200),
('000000000048', '6VW57JP7861E7B9Z', '2025-04-15 08:30:00', 1350),
('000000000048', '9ESLP5WC871TTX60', '2025-04-18 08:45:00', 1500),
('000000000048', '96WA71R59UT6579R', '2025-04-21 09:00:00', 1650),
('000000000048', 'RV6LS99C804N7QF0', '2025-04-02 09:15:00', 1800),
('000000000048', 'O3OUCACMF7211P48', '2025-04-14 09:30:00', 1950),
('000000000048', '9VF02U229374KL7B', '2025-04-15 09:45:00', 2100),
('000000000048', 'G07SCR417W6095CN', '2025-05-28 17:45:00', 3000),
('000000000049', '9VF02U229374KL7B', '2025-02-12 08:00:00', 1050),
('000000000049', '64M144395KSJA96F', '2025-03-14 08:15:00', 1200),
('000000000049', '6VW57JP7861E7B9Z', '2025-04-15 08:30:00', 1350),
('000000000049', '9ESLP5WC871TTX60', '2025-04-18 08:45:00', 1500),
('000000000049', '96WA71R59UT6579R', '2025-04-21 09:00:00', 1650),
('000000000049', 'RV6LS99C804N7QF0', '2025-04-02 09:15:00', 1800),
('000000000049', 'O3OUCACMF7211P48', '2025-04-14 09:30:00', 1950),
('000000000049', '9VF02U229374KL7B', '2025-04-15 09:45:00', 2100),
('000000000049', 'G07SCR417W6095CN', '2025-05-28 19:45:00', 3700),
('000000000050', '9VF02U229374KL7B', '2025-02-12 08:00:00', 1050),
('000000000050', '64M144395KSJA96F', '2025-03-14 08:15:00', 1200),
('000000000050', '6VW57JP7861E7B9Z', '2025-04-15 08:30:00', 1350),
('000000000050', '9ESLP5WC871TTX60', '2025-04-18 08:45:00', 1500),
('000000000050', '96WA71R59UT6579R', '2025-04-21 09:00:00', 1650),
('000000000050', 'RV6LS99C804N7QF0', '2025-04-02 09:15:00', 1800),
('000000000050', 'O3OUCACMF7211P48', '2025-04-14 09:30:00', 1950),
('000000000050', '9VF02U229374KL7B', '2025-04-15 09:45:00', 2100),
('000000000050', 'G07SCR417W6095CN', '2025-05-28 21:45:00', 4000),
('000000000051', '9VF02U229374KL7B', '2025-02-12 08:00:00', 1050),
('000000000051', '64M144395KSJA96F', '2025-03-14 08:15:00', 1200),
('000000000051', '6VW57JP7861E7B9Z', '2025-04-15 08:30:00', 1350),
('000000000051', '9ESLP5WC871TTX60', '2025-04-18 08:45:00', 1500),
('000000000051', '96WA71R59UT6579R', '2025-04-21 09:00:00', 1650),
('000000000051', 'RV6LS99C804N7QF0', '2025-04-02 09:15:00', 1800),
('000000000051', 'O3OUCACMF7211P48', '2025-04-14 09:30:00', 1950),
('000000000051', '9VF02U229374KL7B', '2025-04-15 09:45:00', 2100),
('000000000051', 'G07SCR417W6095CN', '2025-05-28 21:45:00', 4000),
('000000000052', '9VF02U229374KL7B', '2025-02-12 08:00:00', 1050),
('000000000052', '64M144395KSJA96F', '2025-03-14 08:15:00', 1200),
('000000000052', '6VW57JP7861E7B9Z', '2025-04-15 08:30:00', 1350),
('000000000052', '9ESLP5WC871TTX60', '2025-04-18 08:45:00', 1500),
('000000000052', '96WA71R59UT6579R', '2025-04-21 09:00:00', 1650),
('000000000052', 'RV6LS99C804N7QF0', '2025-04-02 09:15:00', 1800),
('000000000052', 'O3OUCACMF7211P48', '2025-04-14 09:30:00', 1950),
('000000000052', '9VF02U229374KL7B', '2025-04-15 09:45:00', 2100),
('000000000052', 'G07SCR417W6095CN', '2025-05-28 21:45:00', 4000),
('000000000053', '9VF02U229374KL7B', '2025-02-12 08:00:00', 1050),
('000000000053', '64M144395KSJA96F', '2025-03-14 08:15:00', 1200),
('000000000053', '6VW57JP7861E7B9Z', '2025-04-15 08:30:00', 1350),
('000000000053', '9ESLP5WC871TTX60', '2025-04-18 08:45:00', 1500),
('000000000053', '96WA71R59UT6579R', '2025-04-21 09:00:00', 1650),
('000000000053', 'RV6LS99C804N7QF0', '2025-04-02 09:15:00', 1800),
('000000000053', 'O3OUCACMF7211P48', '2025-04-14 09:30:00', 1950),
('000000000053', '9VF02U229374KL7B', '2025-04-15 09:45:00', 2100),
('000000000053', 'G07SCR417W6095CN', '2025-05-28 21:45:00', 4000);

INSERT INTO Autenticazione(codice_autenticante, certificatore, nome, prodotto, data_emanazione, tecnica_analisi) VALUES 
('110219273002', '01336956467', 'Analisi ambientale 1', '239844120035', '2010-03-15', 'Spettrometria di massa'),
('110219273032', '01336956467', 'Controllo qualità 1', '172372921092', '2011-06-22', 'Cromatografia liquida'),
('110212273002', '01336956467', 'Studio tessuti 1', '918717534794', '2012-01-09', 'Microscopia elettronica'),
('000219273002', '01336956467', 'Mineralogia 1', '078414955750', '2013-11-30', 'Diffrazione a raggi X'),
('110219273123', '01336956467', 'Caratterizzazione polimeri', '178739624812', '2014-04-18', 'Risonanza magnetica nucleare'),
('110219248325', '01336956467', 'Test termico campione A', '117892898863', '2015-08-25', 'Analisi termica'),
('110111173002', '01336956467', 'Studio pigmenti antichi', '444356743409', '2016-07-03', 'Spettroscopia UV-Vis'),
('110239273002', '01336956467', 'Separazione proteine', '982672012441', '2017-12-14', 'Elettroforesi'),
('110219456702', '01336956467', 'Analisi reazione esotermica', '349699478597', '2018-05-01', 'Calorimetria differenziale'),
('000219273002', '15375360968', 'Identificazione composti volatili', '774226142988', '2019-09-12', 'Spettroscopia infrarossa'),
('110219273089', '15375360968', 'Analisi metalli pesanti', '925929089544', '2020-02-20', 'Spettrometria di massa'),
('110219273098', '15375360968', 'Controllo qualità 2', '417803935840', '2021-06-17', 'Cromatografia liquida'),
('110219273090', '15375360968', 'Studio tessuti 2', '562770910703', '2022-03-11', 'Microscopia elettronica'),
('110219273080', '15375360968', 'Cristallografia proteine', '503676862364', '2023-10-06', 'Diffrazione a raggi X'),
('110219273087', '26147597546', 'Analisi strutturale materiale B', '956103427461', '2024-01-19', 'Risonanza magnetica nucleare'),
('110245273002', '26147597546', 'Studio degradazione termica', '506877454397', '2025-04-23', 'Analisi termica'),
('110219248721', '26147597546', 'Spettro UV sostanza X', '574294585182', '2010-10-10', 'Spettroscopia UV-Vis'),
('113219273002', '26147597546', 'Separazione campione 1', '496964111376', '2011-02-02', 'Elettroforesi'),
('110218973002', '26147597546', 'Analisi differenziale 1', '205543764255', '2012-08-29', 'Calorimetria differenziale'),
('110219273786', '26147597546', 'Studio oli essenziali', '840034486103', '2013-05-20', 'Spettroscopia infrarossa'),
('220219273002', '73690530380', 'Rilevamento arsenico', '865165501572', '2014-12-05', 'Spettrometria di massa'),
('110219555502', '73690530380', 'Controllo qualità 3', '117959372641', '2015-03-07', 'Cromatografia liquida'),
('333339273002', '73690530380', 'Studio batteri 1', '338934917940', '2016-11-11', 'Microscopia elettronica'),
('110220281002', '73690530380', 'Diffrazione cristallo A', '113157746282', '2017-06-16', 'Diffrazione a raggi X'),
('110777273002', '73690530380', 'Analisi molecola organica', '219604579938', '2018-01-25', 'Risonanza magnetica nucleare'),
('010219273002', '73690530380', 'Test stabilità termica', '551026207394', '2019-07-30', 'Analisi termica'),
('144219273002', '73690530380', 'Assorbimento UV pigmenti', '913087057097', '2020-09-09', 'Spettroscopia UV-Vis'),
('132119273002', '73690530380', 'Separazione proteica 2', '182600834840', '2021-10-22', 'Elettroforesi'),
('117869273002', '73690530380', 'Analisi DSC campione Y', '186887554825', '2022-12-12', 'Calorimetria differenziale'),
('110299993002', '73690530380', 'Identificazione aromi', '719827192823', '2023-04-04', 'Spettroscopia infrarossa'),
('183719273002', '73690530380', 'Metalli nei suoli', '325315132970', '2024-06-06', 'Spettrometria di massa'),
('110219203002', '04813875099', 'Controllo qualità 4', '928170217097', '2025-08-08', 'Cromatografia liquida'),
('110219278888', '04813875099', 'Studio cellule vegetali', '495012528159', '2010-05-19', 'Microscopia elettronica'),
('190219273002', '04813875099', 'Analisi sali minerali', '781588466371', '2011-09-21', 'Diffrazione a raggi X'),
('111729273002', '04813875099', 'Struttura farmaco A', '985593165501', '2012-03-03', 'Risonanza magnetica nucleare'),
('118971273002', '04813875099', 'Comportamento termico polimeri', '925109033191', '2013-07-07', 'Analisi termica'),
('999219273002', '04813875099', 'Spettro UV campione Z', '508584391436', '2014-02-14', 'Spettroscopia UV-Vis'),
('147369273002', '04813875099', 'Elettroforesi enzimi', '009341078864', '2015-12-31', 'Elettroforesi'),
('118889273002', '04813875099', 'DSC polimero B', '523466089860', '2016-01-01', 'Calorimetria differenziale'),
('110219270183', '50660166642', 'Spettro IR molecola C', '301250103969', '2017-03-17', 'Spettroscopia infrarossa'),
('810219273002', '50660166642', 'Tracce di metalli', '374006937447', '2018-06-06', 'Spettrometria di massa'),
('826219273002', '50660166642', 'Monitoraggio liquidi', '969763082170', '2019-11-11', 'Cromatografia liquida'),
('192719273002', '50660166642', 'Analisi materiale biologico', '442216925458', '2020-10-10', 'Microscopia elettronica'),
('998419273002', '50660166642', 'Cristallografia farmaco B', '619793394817', '2021-01-01', 'Diffrazione a raggi X'),
('113843273002', '50660166642', 'Verifica struttura molecolare', '445972375353', '2022-05-05', 'Risonanza magnetica nucleare'),
('110219273008', '50660166642', 'Stabilità termica campione Z', '691304847952', '2023-08-08', 'Analisi termica'),
('110219272836', '50660166642', 'Assorbimento UV sostanza K', '914490640296', '2024-11-11', 'Spettroscopia UV-Vis'),
('992741273002', '50660166642', 'Separazione frammenti DNA', '530517895094', '2025-12-24', 'Elettroforesi'),
('333319273002', '50660166642', 'Analisi differenziale 1', '062144828104', '2012-08-29', 'Calorimetria differenziale'),
('149649273002', '50660166642', 'Analisi ambientale 1', '612432218300', '2010-03-15', 'Spettrometria di massa'),
('194219273002', '50660166642', 'Controllo qualità 1', '566734512021', '2011-06-22', 'Cromatografia liquida'),
('194937273002', '68954797914', 'Studio tessuti 1', '845805177183', '2012-01-09', 'Microscopia elettronica'),
('194219273394', '68954797914', 'Mineralogia 1', '379594107004', '2013-11-30', 'Diffrazione a raggi X'),
('194219273386', '68954797914', 'Caratterizzazione polimeri', '915180368366', '2014-04-18', 'Risonanza magnetica nucleare'),
('194219272846', '68954797914', 'Test termico campione A', '182987499412', '2015-08-25', 'Analisi termica'),
('194213333002', '68954797914', 'Studio pigmenti antichi', '733525839966', '2016-07-03', 'Spettroscopia UV-Vis'),
('194856673002', '68954797914', 'Separazione proteine', '446696207651', '2017-12-14', 'Elettroforesi'),
('138559273002', '04813875099', 'Analisi reazione esotermica', '198749628985', '2018-05-01', 'Calorimetria differenziale'),
('196219273002', '04813875099', 'Identificazione composti volatili', '660950688862', '2019-09-12', 'Spettroscopia infrarossa'),
('194219273002', '04813875099', 'Analisi metalli pesanti', '851343631911', '2020-02-20', 'Spettrometria di massa'),
('194213856002', '04813875099', 'Controllo qualità 2', '848927871472', '2021-06-17', 'Cromatografia liquida'),
('194219274856', '04813875099', 'Studio tessuti 2', '916386523084', '2022-03-11', 'Microscopia elettronica'),
('194856927302', '68954797914', 'Cristallografia proteine', '095656695899', '2023-10-06', 'Diffrazione a raggi X'),
('346619273002', '68954797914', 'Analisi strutturale materiale B', '084485355156', '2024-01-19', 'Risonanza magnetica nucleare');

INSERT INTO Specializzazione(codice_specializzante, certificatore, nome, data_emanazione, livello) VALUES
('266917729436', '01336956467', 'Banditore d''Asta Immobiliare', '2024-03-04', 'Maestro'),
('039994622421', '73690530380', 'Banditore d''Asta Numismatico e Filatelico', '2024-12-26', 'Maestro'),
('630397131813', '88943998032', 'Banditore d''Asta di Macchinari Industriali e Attrezzature', '2023-09-09', 'Competente'),
('279925187889', '73690530380', 'Banditore d''Asta di Belle Arti', '2019-03-08', 'Specialista'),
('681062672340', '46489115230', 'Banditore d''Asta per Eventi di Beneficenza', '2021-08-14', 'Maestro'),
('152508466163', '66573081913', 'Banditore d''Asta Immobiliare', '2020-10-24', 'Maestro'),
('347929921647', '46489115230', 'Banditore d''Asta di Veicoli d''Epoca e da Collezione', '2017-09-11', 'Maestro'),
('499515586553', '01336956467', 'Banditore d''Asta per Eventi di Beneficenza', '2021-12-10', 'Maestro'),
('829004694292', '66573081913', 'Banditore d''Asta di Vini Pregiati e Distillati', '2024-07-25', 'Specialista'),
('349857598710', '50660166642', 'Banditore d''Asta di Bestiame e Animali da Esposizione', '2021-06-16', 'Esperto'),
('572868453660', '01336956467', 'Banditore d''Asta di Belle Arti', '2021-04-04', 'Pioniere'),
('797229562549', '73690530380', 'Banditore d''Asta Immobiliare', '2019-08-07', 'Esperto'),
('773000255849', '46489115230', 'Banditore d''Asta di Macchinari Industriali e Attrezzature', '2021-02-11', 'Visionario'),
('702647727253', '50660166642', 'Banditore d''Asta per Eventi di Beneficenza', '2021-10-08', 'Specialista'),
('899994512695', '73690530380', 'Banditore d''Asta di Antiquariato', '2023-12-25', 'Pioniere'),
('002938903029', '73690530380', 'Banditore d''Asta di Vini Pregiati e Distillati', '2016-12-14', 'Specialista'),
('604656293489', '01336956467', 'Banditore d''Asta Numismatico e Filatelico', '2021-08-23', 'Specialista'),
('348737000997', '82332775267', 'Banditore d''Asta di Antiquariato', '2017-08-26', 'Pioniere'),
('934686075574', '46489115230', 'Banditore d''Asta di Belle Arti', '2024-06-19', 'Maestro'),
('671069265143', '82332775267', 'Banditore d''Asta di Belle Arti', '2023-12-29', 'Esperto'),
('744325708465', '73690530380', 'Banditore d''Asta di Macchinari Industriali e Attrezzature', '2016-04-02', 'Visionario'),
('061066138912', '46489115230', 'Banditore d''Asta di Vini Pregiati e Distillati', '2021-11-28', 'Pioniere'),
('421353863991', '68331043676', 'Banditore d''Asta Immobiliare', '2022-06-20', 'Maestro'),
('782454728671', '82332775267', 'Banditore d''Asta di Bestiame e Animali da Esposizione', '2024-05-31', 'Competente'),
('536946699544', '88943998032', 'Banditore d''Asta di Vini Pregiati e Distillati', '2021-10-11', 'Visionario'),
('318964358121', '68331043676', 'Banditore d''Asta di Belle Arti', '2024-11-03', 'Specialista'),
('035344954741', '68331043676', 'Banditore d''Asta di Belle Arti', '2022-06-08', 'Specialista'),
('950988153941', '82332775267', 'Banditore d''Asta di Veicoli d''Epoca e da Collezione', '2020-10-12', 'Pioniere'),
('434173087313', '88943998032', 'Banditore d''Asta Numismatico e Filatelico', '2017-02-05', 'Visionario'),
('177308631281', '68331043676', 'Banditore d''Asta di Antiquariato', '2017-05-23', 'Principiante');

INSERT INTO Competenza(certificatore, codice_specializzazione, banditore, data_specializzazione) VALUES
('01336956467', '266917729436', '32435301951', '2025-04-27'),
('73690530380', '039994622421', '32435301951', '2024-03-12'),
('73690530380', '039994622421', '71812158320', '2025-09-01'),
('73690530380', '039994622421', '12627998612', '2024-12-12'),
('88943998032', '630397131813', '71812158320', '2024-08-18'),
('73690530380', '279925187889', '12627998612', '2024-12-13'),
('73690530380', '279925187889', '43046749634', '2024-08-15'),
('73690530380', '279925187889', '71812158320', '2024-10-10'),
('46489115230', '681062672340', '71812158320', '2025-01-09'),
('46489115230', '681062672340', '12627998612', '2025-02-09'),
('46489115230', '681062672340', '32908131171', '2023-09-06'),
('46489115230', '681062672340', '62516139543', '2024-09-10'),
('66573081913', '152508466163', '32908131171', '2024-12-05'),
('66573081913', '152508466163', '62516139543', '2023-04-19'),
('66573081913', '152508466163', '20094605077', '2024-10-01'),
('66573081913', '152508466163', '23515611842', '2022-09-09'),
('66573081913', '152508466163', '54725635217', '2025-03-14'),
('46489115230', '347929921647', '32908131171', '2024-09-23'),
('46489115230', '347929921647', '62516139543', '2024-09-29'),
('46489115230', '347929921647', '20094605077', '2023-12-09'),
('46489115230', '347929921647', '23515611842', '2023-09-18'),
('46489115230', '347929921647', '54725635217', '2023-07-09'),
('82332775267', '782454728671', '32908131171', '2023-09-08'),
('82332775267', '782454728671', '62516139543', '2024-01-04'),
('82332775267', '782454728671', '20094605077', '2023-09-08'),
('82332775267', '782454728671', '23515611842', '2023-09-08'),
('82332775267', '782454728671', '54725635217', '2023-09-08'),
('82332775267', '782454728671', '60654323464', '2023-09-08'),
('73690530380', '899994512695', '32908131171', '2023-09-08'),
('73690530380', '899994512695', '62516139543', '2023-09-08'),
('73690530380', '899994512695', '54725635217', '2024-12-12'),
('73690530380', '899994512695', '60654323464', '2024-12-12'),
('73690530380', '899994512695', '96480930808', '2024-12-12'),
('73690530380', '899994512695', '01900366926', '2024-12-12'),
('01336956467', '604656293489', '60654323464', '2024-12-12'),
('01336956467', '604656293489', '96480930808', '2024-12-12'),
('01336956467', '604656293489', '01900366926', '2025-09-01'),
('01336956467', '604656293489', '77861434385', '2025-09-01'),
('01336956467', '604656293489', '11390255771', '2025-04-27'),
('01336956467', '604656293489', '54725635217', '2024-03-12'),
('68331043676', '177308631281', '54725635217', '2025-09-01'),
('68331043676', '177308631281', '60654323464', '2024-12-12'),
('68331043676', '177308631281', '96480930808', '2024-08-18'),
('68331043676', '177308631281', '01900366926', '2024-12-13'),
('68331043676', '177308631281', '77861434385', '2024-08-15'),
('88943998032', '536946699544', '77861434385', '2024-10-10'),
('88943998032', '536946699544', '43210427295', '2025-01-09'),
('88943998032', '536946699544', '57559809550', '2025-02-09'),
('88943998032', '536946699544', '71357129176', '2023-09-06'),
('88943998032', '536946699544', '55053484419', '2024-09-10'),
('88943998032', '536946699544', '52478170221', '2024-12-05'),
('68331043676', '035344954741', '09633564344', '2023-04-19'),
('68331043676', '035344954741', '47801167617', '2024-10-01'),
('68331043676', '035344954741', '88917698056', '2022-09-09'),
('68331043676', '035344954741', '52478170221', '2025-03-14'),
('68331043676', '035344954741', '55053484419', '2024-09-23'),
('68331043676', '035344954741', '71357129176', '2024-09-29'),
('68331043676', '035344954741', '57559809550', '2023-12-09'),
('68331043676', '035344954741', '43210427295', '2023-09-18'),
('68331043676', '035344954741', '77861434385', '2023-07-09');

------ QUERY ------

-- Query 1:
-- Trova gli utenti che hanno vinto almeno 1 asta e ne riporta nome, cognome, codice fiscale e numero di aste vinte
SELECT p.nome, p.cognome, p.codice_fiscale, COUNT(*) AS aste_vinte
FROM Asta a
JOIN Offerta o ON a.codice_asta = o.asta
JOIN Persona p ON o.offerente = p.codice_fiscale
WHERE a.data_fine IS NOT NULL AND o.importo = a.importo_offerta_vincente
GROUP BY p.nome, p.cognome, p.codice_fiscale
HAVING COUNT(*) >= 1
ORDER BY aste_vinte DESC;

-- Query 2:
-- Mostra i banditori e le relative competenze ottenute nell'anno precedente
SELECT b.partita_iva AS p_iva_banditore, c.data_specializzazione, s.nome AS nome_specializzazione, s.livello
FROM Competenza c
INNER JOIN Banditore b ON c.banditore = b.partita_iva
INNER JOIN Specializzazione s 
    ON c.codice_specializzazione = s.codice_specializzante
    AND c.certificatore = s.certificatore
WHERE c.data_specializzazione >= CURRENT_DATE - INTERVAL '1 year'
ORDER BY b.partita_iva, c.data_specializzazione;

-- Query 3:
-- Calcola la media dei prezzi di vendita per sponsor con almeno 1 asta vinta
SELECT s.partita_iva, s.nome, AVG(a.importo_offerta_vincente) AS media_prezzo_vendita
FROM Asta a
INNER JOIN Sponsor s ON a.sponsor = s.partita_iva
INNER JOIN Offerta o ON a.codice_asta = o.asta AND a.importo_offerta_vincente = o.importo
WHERE a.data_fine IS NOT NULL
GROUP BY s.partita_iva, s.nome
HAVING COUNT(*) >= 1
ORDER BY s.nome ASC;

-- Query 4:
-- Conta i prodotti autenticati attualmente in possesso delle persone
SELECT p.codice_fiscale, p.nome, p.cognome, COUNT(pos.prodotto) AS num_prodotti_certificati
FROM Persona p
INNER JOIN Possesso pos ON p.codice_fiscale = pos.proprietario
INNER JOIN Autenticazione a ON a.prodotto = pos.prodotto
WHERE pos.data_fine IS NULL
GROUP BY p.codice_fiscale
ORDER BY num_prodotti_certificati DESC;

-- Query 5:
-- Visualizza le aste con offerta vincente superiore a 10 volte la base d'asta e con almeno 5 offerte
SELECT a.codice_asta, a.prodotto, a.base_asta, a.importo_offerta_vincente, a.num_partecipanti
FROM Asta a
JOIN Offerta o ON a.codice_asta = o.asta
WHERE a.data_fine IS NOT NULL AND a.importo_offerta_vincente >= a.base_asta * 10
GROUP BY a.codice_asta, a.prodotto, a.base_asta, a.importo_offerta_vincente, a.num_partecipanti
HAVING COUNT(o.orario_offerta) >= 5
ORDER BY a.codice_asta ASC;

--- INDICI
