CREATE TABLE Ospedale (
    Codice INT PRIMARY KEY,
    N_Dipendenti INT,
    Regione VARCHAR(100) NOT NULL
);

CREATE TABLE Privato (
    Ospedale INT PRIMARY KEY,
    Gruppo VARCHAR(100) NOT NULL,
    FOREIGN KEY (Ospedale) REFERENCES Ospedale(Codice)
);

CREATE TABLE Universita (
    Partita_IVA VARCHAR(16) PRIMARY KEY,
    Nome VARCHAR(100) NOT NULL,
    Indirizzo VARCHAR(255) NOT NULL
);

CREATE TABLE Publico (
    Ospedale INT PRIMARY KEY,
    Anno_Fondazione INT NOT NULL,
    Universita_PartitaIVA VARCHAR(16),
    FOREIGN KEY (Ospedale) REFERENCES Ospedale(Codice),
	FOREIGN KEY (Universita_PartitaIVA) REFERENCES Universita(Partita_IVA)
);

CREATE TABLE Persona (
    CF VARCHAR(16) PRIMARY KEY,
    Nome VARCHAR(100) NOT NULL,
    Cognome VARCHAR(100) NOT NULL
);

CREATE TABLE Dirigente (
    Persona_CF VARCHAR(16),
    Privato INT,
    Ruolo VARCHAR(100) NOT NULL,
    Data_Inizio DATE NOT NULL,
    PRIMARY KEY (Persona_CF, Privato),
    FOREIGN KEY (Persona_CF) REFERENCES Persona(CF),
    FOREIGN KEY (Privato) REFERENCES Privato(Ospedale)
);


CREATE TABLE Rettore (
    Persona_CF VARCHAR(16),
    Universita_PartitaIVA VARCHAR(16),
    Data_Inizio DATE NOT NULL,
    PRIMARY KEY (Persona_CF, Universita_PartitaIVA),
    FOREIGN KEY (Persona_CF) REFERENCES Persona(CF),
    FOREIGN KEY (Universita_PartitaIVA) REFERENCES Universita(Partita_IVA)
);


CREATE TABLE Reparto (
    Ospedale INT,
    Codice INT,
    Dimensione INT NOT NULL,
    N_Ricoveri INT NOT NULL,
    PRIMARY KEY (Ospedale, Codice),
    FOREIGN KEY (Ospedale) REFERENCES Ospedale(Codice)
);

CREATE TABLE Ostetricia (
    Ospedale INT,
    Reparto INT,
    Numero_Letti INT NOT NULL,
    PRIMARY KEY (Ospedale, Reparto),
    FOREIGN KEY (Ospedale, Reparto) REFERENCES Reparto(Ospedale, Codice)
);

CREATE TABLE Parto (
    Persona VARCHAR(16),
    Data_Parto DATE,
    Settimana INT NOT NULL,
    Ospedale INT NOT NULL,
    Reparto INT NOT NULL,
    PRIMARY KEY (Persona, Data_Parto),
    FOREIGN KEY (Persona) REFERENCES Persona(CF),
    FOREIGN KEY (Ospedale, Reparto) REFERENCES Ostetricia(Ospedale, Reparto)
);

CREATE TABLE Ricovero (
    Persona VARCHAR(16),
    Data_Ricovero DATE,
    Posto_Letto INT NOT NULL,
    Ospedale INT NOT NULL,
    Reparto INT NOT NULL,
    PRIMARY KEY (Persona, Data_Ricovero),
    FOREIGN KEY (Persona) REFERENCES Persona(CF),
    FOREIGN KEY (Ospedale, Reparto) REFERENCES Reparto(Ospedale, Codice)
);


INSERT INTO Ospedale (Codice, N_Dipendenti, Regione) VALUES 
(1, 500, 'Lazio'),
(2, 300, 'Lombardia'),
(3, 450, 'Campania'),
(4, 600, 'Veneto'),
(5, 350, 'Toscana'),
(6, 700, 'Sicilia'),
(7, 400, 'Puglia'),
(8, 500, 'Piemonte'),
(9, 650, 'Emilia-Romagna'),
(10, 480, 'Calabria'),
(11, 520, 'Abruzzo'),
(12, 410, 'Liguria'),
(13, 390, 'Marche'),
(14, NULL, 'Umbria'),
(15, 620, 'Sardegna'),
(16, 430, 'Molise'),
(17, 550, 'Basilicata'),
(18, 680, 'Trentino-Alto Adige'),
(19, 490, 'Friuli Venezia Giulia'),
(20, 530, 'Valle d Aosta'),
(21, 510, 'Lazio'),
(22, 320, 'Lombardia'),
(23, 460, 'Campania'),
(24, 610, 'Veneto'),
(25, 360, 'Toscana'),
(26, 710, 'Sicilia'),
(27, 420, 'Puglia'),
(28, 510, 'Piemonte'),
(29, NULL, 'Emilia-Romagna'),
(30, 490, 'Calabria'),
(31, 530, 'Abruzzo'),
(32, 420, 'Liguria'),
(33, 400, 'Marche'),
(34, 580, 'Umbria'),
(35, 630, 'Sardegna'),
(36, 440, 'Molise'),
(37, 560, 'Basilicata'),
(38, 690, 'Trentino-Alto Adige'),
(39, 500, 'Friuli Venezia Giulia'),
(40, 540, 'Valle d Aosta'),
(41, 520, 'Lazio'),
(42, 330, 'Lombardia'),
(43, 470, 'Campania'),
(44, 620, 'Veneto'),
(45, 370, 'Toscana'),
(46, 720, 'Sicilia'),
(47, NULL, 'Puglia'),
(48, 520, 'Piemonte'),
(49, 670, 'Emilia-Romagna'),
(50, 500, 'Calabria'),
(51, 540, 'Abruzzo'),
(52, 430, 'Liguria'),
(53, 410, 'Marche'),
(54, 590, 'Umbria'),
(55, 640, 'Sardegna'),
(56, 450, 'Molise'),
(57, 570, 'Basilicata'),
(58, 700, 'Trentino-Alto Adige'),
(59, 510, 'Friuli Venezia Giulia'),
(60, 550, 'Valle d Aosta'),
(61, NULL, 'Lazio'),
(62, 340, 'Lombardia'),
(63, 480, 'Campania'),
(64, 630, 'Veneto'),
(65, 380, 'Toscana'),
(66, 730, 'Sicilia'),
(67, 440, 'Puglia'),
(68, 530, 'Piemonte'),
(69, 680, 'Emilia-Romagna'),
(70, NULL, 'Calabria'),
(71, 550, 'Abruzzo'),
(72, 440, 'Liguria'),
(73, 420, 'Marche'),
(74, 600, 'Umbria'),
(75, 650, 'Sardegna'),
(76, 460, 'Molise'),
(77, 580, 'Basilicata'),
(78, NULL, 'Trentino-Alto Adige'),
(79, 520, 'Friuli Venezia Giulia'),
(80, 560, 'Valle d Aosta'),
(81, 540, 'Lazio'),
(82, 350, 'Lombardia'),
(83, 490, 'Campania'),
(84, 640, 'Veneto'),
(85, 390, 'Toscana'),
(86, 740, 'Sicilia'),
(87, 450, 'Puglia'),
(88, 540, 'Piemonte'),
(89, NULL, 'Emilia-Romagna'),
(90, 520, 'Calabria'),
(91, 560, 'Abruzzo'),
(92, 450, 'Liguria'),
(93, 430, 'Marche'),
(94, 610, 'Umbria'),
(95, NULL, 'Sardegna'),
(96, 470, 'Molise'),
(97, 590, 'Basilicata'),
(98, 720, 'Trentino-Alto Adige'),
(99, 530, 'Friuli Venezia Giulia'),
(100, 570, 'Valle d Aosta');


INSERT INTO Universita (Partita_IVA, Nome, Indirizzo) VALUES 
('IT12345678901', 'Università di Roma La Sapienza', 'Piazzale Aldo Moro, 5, Roma'),
('IT98765432102', 'Politecnico di Milano', 'Piazza Leonardo da Vinci, 32, Milano'),
('IT11223344556', 'Università degli Studi di Bologna', 'Via Zamboni, 33, Bologna'),
('IT66778899001', 'Università degli Studi di Napoli Federico II', 'Corso Umberto I, 40, Napoli'),
('IT99887766554', 'Università di Firenze', 'Piazza San Marco, 4, Firenze'),
('IT55667788900', 'Università degli Studi di Torino', 'Via Giuseppe Verdi, 8, Torino'),
('IT44556677889', 'Università di Pisa', 'Lungarno Pacinotti, 43, Pisa'),
('IT33445566778', 'Università degli Studi di Padova', 'Via 8 Febbraio, 2, Padova'),
('IT22334455667', 'Università degli Studi di Genova', 'Via Balbi, 5, Genova'),
('IT11224433669', 'Università degli Studi di Palermo', 'Piazza Marina, 61, Palermo'),
('IT99881122334', 'Università degli Studi di Bari Aldo Moro', 'Piazza Umberto I, 1, Bari'),
('IT77889900112', 'Università degli Studi di Catania', 'Piazza Università, 2, Catania'),
('IT66770011223', 'Università degli Studi di Trento', 'Via Calepina, 14, Trento'),
('IT55661100991', 'Università degli Studi di Verona', 'Viale Università, 4, Verona'),
('IT44552299887', 'Università degli Studi di Cagliari', 'Via Università, 40, Cagliari');


INSERT INTO Publico (Ospedale, Anno_Fondazione, Universita_PartitaIVA) VALUES 
(1, 1950, 'IT12345678901'),
(2, 1975, 'IT98765432102'),
(3, 1982, 'IT11223344556'),
(4, 1990, 'IT66778899001'),
(5, 1968, 'IT99887766554'),
(6, 2001, 'IT55667788900'),
(7, 1985, 'IT44556677889'),
(8, 1998, 'IT33445566778'),
(9, 1972, NULL),
(10, 2005, 'IT11224433669'),
(11, 1980, 'IT99881122334'),
(12, 1993, 'IT77889900112'),
(13, 2007, 'IT66770011223'),
(14, 2010, NULL),
(15, 1965, 'IT44552299887');


INSERT INTO Privato (Ospedale, Gruppo) VALUES 
(16, 'Clinica San Giovanni'),
(17, 'Poliambulatorio Italia'),
(18, 'Ospedale Mediterraneo'),
(19, 'Clinica Salus'),
(20, 'Sanitá del Cuore'),
(21, 'Istituto Delle Stelle'),
(22, 'Poliambulatorio Monza'),
(23, 'Centro Medico Benevento'),
(24, 'Clinica Sorriso'),
(25, 'Cure Moderne'),
(26, 'Ospedale Nostra Signora'),
(27, 'Centro Salute'),
(28, 'Ospedale Città di Torino'),
(29, 'Clinica Santa Teresa'),
(30, 'Ospedale Cuore e Anima'),
(31, 'Centro Medico'),
(32, 'Ospedale San Michele'),
(33, 'Poliambulatorio Vita'),
(34, 'Centro Medico San Carlo'),
(35, 'Clinica San Raffaele'),
(36, 'Ospedale della Pace'),
(37, 'Clinica San Pietro'),
(38, 'Centro Diagnostico'),
(39, 'Sanitá Udine'),
(40, 'Clinica Nuova Vita'),
(41, 'Ospedale del Mare'),
(42, 'Poliambulatorio San Donato'),
(43, 'Centro Medico San Luigi'),
(44, 'Ospedale San Giovanni'),
(45, 'Clinica Città'),
(46, 'Ospedale della Montagna'),
(47, 'Poliambulatorio'),
(48, 'Clinica Rinascita'),
(49, 'Ospedale Stella d’Italia'),
(50, 'Centro Medico Nord'),
(51, 'Poliambulatorio Città'),
(52, 'Ospedale Porto Azzurro'),
(53, 'Clinica Santa Maria'),
(54, 'Poliambulatorio Umbria'),
(55, 'Centro Salute'),
(56, 'Ospedale Città'),
(57, 'Clinica Santa Lucia'),
(58, 'Ospedale delle Alpi'),
(59, 'Centro Medico'),
(60, 'Clinica del Benessere'),
(61, 'Ospedale Sant’Antonio'),
(62, 'Poliambulatorio del Mare'),
(63, 'Centro Salute'),
(64, 'Ospedale Cittadinio'),
(65, 'Clinica Sole e Mare'),
(66, 'Poliambulatorio San Giorgio'),
(67, 'Ospedale Montagna Verde'),
(68, 'Centro Medico del Lago'),
(69, 'Ospedale della Rosa'),
(70, 'Clinica della Salute');


INSERT INTO Persona (CF, Nome, Cognome) VALUES 
('RSSMRA80A01H501Z', 'Mario', 'Rossi'),
('VRDLGU85B02F205X', 'Luigi', 'Verdi'),
('BNCLRA90C03L219Y', 'Laura', 'Bianchi'),
('GLLAND95D04M312W', 'Andrea', 'Gialli'),
('NREFRC88E05H501T', 'Francesca', 'Neri'),
('BLUSTF79F06D205Q', 'Stefano', 'Blu'),
('RSALSS92G07M312R', 'Alessia', 'Rosa'),
('MRNMTT87H08F205P', 'Matteo', 'Marrone'),
('VLELNA93I09L219S', 'Elena', 'Viola'),
('AZZSMN91L10H501U', 'Simone', 'Azzurri'),
('GLIGRV83M11D205V', 'Giovanni', 'Gravina'),
('CLTANG94N12M312X', 'Angela', 'Celeste'),
('BRNFAB86O13F205Y', 'Fabio', 'Bruno'),
('ARGCHR82P14H501Z', 'Chiara', 'Argento'),
('RBNRCC89Q15D205W', 'Riccardo', 'Rubino'),
('CRLELS85R16M312V', 'Elisa', 'Corallo'),
('ORODVD87S17H501T', 'Davide', 'Oro'),
('AMBSRA90T18F205U', 'Sara', 'Ambra'),
('SMRGIO84U19L219X', 'Giorgia', 'Smeraldo'),
('TPTBRC92V20D205Y', 'Beatrice', 'Topazio'),
('PLRMCO81W21M312Z', 'Marco', 'Perla'),
('ZFFSLV95X22H501V', 'Silvia', 'Zaffiro'),
('DMNLBR88Y23F205T', 'Alberto', 'Diamante'),
('QZRMRT89Z24D205U', 'Martina', 'Quarzo'),
('GRNDNL91A25M312X', 'Daniele', 'Granato'),
('GIDVLT92B26H501Y', 'Valentina', 'Giada'),
('OPLLCN87C27F205Z', 'Luciano', 'Opale'),
('TRLBRB94D28D205W', 'Barbara', 'Tormalina'),
('AMTSFN96E29M312V', 'Stefania', 'Ametista'),
('BRLANT89F30H501T', 'Antonia', 'Berillo'),
('PVDGNN79F31D205X', 'Luca', 'Vernaccia'),
('TSMLNI80G32M312Y', 'Marta', 'Simone'),
('PNGTLN81H33L219Z', 'Paolo', 'Gallo'),
('DRVGLL84I34M312W', 'Riccardo', 'Crisci'),
('QZCHRM82L35F205V', 'Valeria', 'Sanna'),
('TBNRRL89M36D205W', 'Francesca', 'Diletti'),
('MRLTLL80N37H501X', 'Martina', 'Di Luigi'),
('PNGRMV81O38L219T', 'Giovanna', 'Mangione'),
('GNNLRL85P39M312S', 'Elena', 'Lombardi'),
('NSGLVR84Q40F205Y', 'Alessandro', 'Giusti'),
('MRRLCL82R41D205U', 'Silvio', 'Ricci'),
('BNGRPS91S42M312Y', 'Barbara', 'Sartori'),
('NRDSDN85T43H501Z', 'Andrea', 'Neri'),
('RSPMRN81U44L219S', 'Alberto', 'Russo'),
('FMRBLM92V45M312T', 'Carla', 'Ferrarelli'),
('DLDCCL94W46F205Y', 'Lucia', 'Della Rosa'),
('ALPLRC90X47D205U', 'Erica', 'Palladino'),
('RDGSBR80Y48M312Z', 'Giuseppe', 'Borghese'),
('TMRBMT81Z49H501V', 'Lucia', 'Mazzola'),
('GRVZMC88A50L219P', 'Giorgia', 'Zavatti'),
('TBLSTL90B51F205Z', 'Claudia', 'Galli'),
('RMNCMN91C52M312T', 'Diana', 'Minerva'),
('QKGRVV85D53H501T', 'Gabriele', 'Vitali'),
('TRCLAR92E54L219V', 'Simona', 'Colombo'),
('GSNMCS84F55M312X', 'Emilia', 'Santoro'),
('LNGRTN81G56D205W', 'Giulia', 'Cavalli'),
('HCGGTC82H57L219Y', 'Matteo', 'Giorgi'),
('LRSSRP92I58F205V', 'Beatrice', 'Rossi'),
('PTCGGR90J59M312Z', 'Francesca', 'Carlo'),
('QLFNRN85K60H501P', 'Angela', 'Lupi'),
('DSSNMM84L61D205W', 'Fabio', 'Martino'),
('FRVLBN80M62L219T', 'Sabrina', 'Bellucci'),
('CTNNVG91N63F205X', 'Vincenza', 'Antoni'),
('PNSTSN93P64M312Y', 'Ludovica', 'Gallo'),
('RBLGSB85Q65D205Y', 'Sofia', 'Lombardi'),
('GPPFQX86R66M312Z', 'Matteo', 'Filippo'),
('TMMLNS87S67F205W', 'Carla', 'Mocciola'),
('SRFSDR88T68L219V', 'Cristina', 'Gatti'),
('PLFGRV89U69H501P', 'Federico', 'Rosati'),
('NGFLST80V70M312S', 'Simone', 'Mocchetti'),
('QBBRNS81W71D205X', 'Ilaria', 'Bruno'),
('TRNVRL92X72F205Z', 'Emanuela', 'Caselli'),
('RPNCSL83Y73L219T', 'Annalisa', 'Canova'),
('PTFLGG85Z74M312Y', 'Francesco', 'Verdi'),
('QRLTNL86A75H501U', 'Marcella', 'Tufano'),
('BSGLTM87B76D205P', 'Michele', 'Gennaro'),
('TMRPBN92C77L219V', 'Fabiola', 'Molina'),
('GLNNGL93D78H501T', 'Claudio', 'Meloni'),
('PTCTVR94E79F205W', 'Giuliana', 'Bianchi'),
('MNTCLS85F80M312Y', 'Miriam', 'Montagna'),
('FBKDSB86G81D205X', 'Stefano', 'Bassetti'),
('DTCMHR90H82L219Z', 'Luana', 'Lombradi'),
('SFTNTN91I83M312W', 'Sofia', 'Morandi'),
('GNGFCT94J84H501U', 'Giacomo', 'Forleo'),
('NVRLSB85K85D205Y', 'Sabrina', 'Benedetti'),
('PCLBRM86L86M312V', 'Luca', 'Motta'),
('NLSMRV87M87L219T', 'Fiorenza', 'Serra'),
('QSRGCT88N88H501W', 'Pierpaolo', 'Giorgi'),
('RNPLMR89O89D205X', 'Marta', 'Baciocchi'),
('TRMLCR91P90M312Y', 'Lorenzo', 'Calvi'),
('GRPNSM82Q91L219U', 'Roberta', 'Nori'),
('LPTMLV93R92H501V', 'Giorgia', 'Pellizzari'),
('MNTGGR94S93D205Z', 'Simone', 'Gnassi'),
('TQFCSN85T94M312Y', 'Stefano', 'Guarnieri'),
('SPSLRG86U95D205W', 'Francesca', 'Pietro'),
('LFGTMT87V96H501P', 'Filippo', 'Tufano'),
('QBRLMT88W97D205V', 'Angela', 'Di Mauro'),
('NPSMTN89X98M312T', 'Michele', 'Sarti'),
('BRSSNC90Y99L219Z', 'Gianluca', 'Salvini'),
('RLTCSM91A00H501S', 'Margherita', 'Malavolta'),
('CPTVRS82B01D205X', 'Enrico', 'Zanetti'),
('LNRBSF83C02M312W', 'Alessandra', 'Fioretti'),
('GFGTNV84D03L219T', 'Valeria', 'Farina'),
('DHLMSC85E04H501Y', 'Francesca', 'Masi'),
('PNRRNS86F05D205X', 'Riccardo', 'Nuzzi'),
('TDSMLC87G06M312V', 'Stefania', 'Martelli'),
('CLTRSR88H07L219W', 'Luciana', 'Tornero'),
('GRSSMM89I08D205Z', 'Michela', 'Geraci'),
('PNFTRN90J09M312S', 'Fabrizio', 'Ruggeri'),
('FRCTGL91K10L219P', 'Alessandra', 'Genova'),
('PRFNSM92L11H501T', 'Marta', 'Lancellotti'),
('TNFLRL93M12D205X', 'Francesco', 'Carmen'),
('SBGDLN94N13M312Y', 'Valeria', 'Mariani'),
('DMVRTT85O14H501U', 'Giuseppe', 'Perri'),
('BCLRTN86P15D205Z', 'Giuliana', 'Gerosa'),
('BTNSNM84Q16M312Y', 'Daniele', 'Benedetti'),
('MRGRLS92R17D205T', 'Sabrina', 'Ghetti'),
('PNMRCR85S18M312Z', 'Giovanna', 'Cammarota'),
('LCTFSV89T19H501U', 'Michele', 'Ferrari'),
('QNGVRE80U20D205V', 'Francesca', 'Gualtieri'),
('TQSSNM81V21M312W', 'Simone', 'Rosati'),
('FSLLNT88W22H501Z', 'Giovanna', 'Lombardi'),
('DNRMNN92X23D205Y', 'Francesco', 'Morandi'),
('GLLGRV90Y24M312S', 'Claudia', 'Pellegrini'),
('LSPBRS91Z25L219T', 'Alessandro', 'Rosa'),
('RCDPLM85A26M312X', 'Giulia', 'Fabbri'),
('VRGCLS89B27D205W', 'Valerio', 'Gatti'),
('PTLNCR92C28M312V', 'Giovanni', 'Caruso'),
('GRSNSS83D29H501T', 'Luca', 'Di Matteo'),
('NSMRLM94E30L219Y', 'Alessandra', 'Sbaragli'),
('TFLVSL90F31D205P', 'Alessandra', 'Lanzi'),
('PLSFRN85G32M312X', 'Chiara', 'Pietrantonio'),
('GCTSTL86H33L219V', 'Michele', 'Venti'),
('RZNDNC87I34H501S', 'Sofia', 'Lattanzio'),
('LBGCNR81J35M312W', 'Simona', 'Delfino'),
('TLRTNF90K36L219P', 'Francesco', 'Morandi'),
('VRTFST83L37D205V', 'Barbara', 'Davanzo'),
('FSSGRM84M38H501T', 'Davide', 'Marini'),
('TLRNLN92N39M312Y', 'Alessandro', 'Scalzo'),
('PSLNTL89O40D205W', 'Margherita', 'Gallo'),
('VLNNRT85P41M312S', 'Luigi', 'Di Francesco'),
('DRGCCM92Q42H501Y', 'Maria', 'Matteucci'),
('LGTSTM83R43D205V', 'Valentina', 'Tarantino'),
('FNCNTL91S44M312T', 'Silvia', 'Tano'),
('CMRMNT90T45H501U', 'Lorenzo', 'Baldoni'),
('VRTNMT89U46D205Y', 'Claudia', 'Novelli'),
('PNTGRV87V47M312S', 'Elisa', 'Maggi'),
('TLDGNS92W48H501P', 'Giulia', 'Fabiano'),
('QRMRTS80X49D205V', 'Arianna', 'Vismara'),
('GRDPRN81Y50M312T', 'Laura', 'Mottola'),
('TPNCLM92Z51H501S', 'Giovanni', 'Catania'),
('VLNRLN83A52D205W', 'Raffaella', 'Sarti'),
('RMPGNN89B53M312Y', 'Diana', 'Tufano'),
('FNSVCL91C54H501T', 'Sabrina', 'Mazzitelli'),
('LRDFTL90D55M312X', 'Marco', 'Pansini'),
('RTTSPT91E56H501V', 'Sofia', 'Maggi'),
('PLNFNT88F57D205Z', 'Francesco', 'Santos'),
('QZGMLC92G58M312S', 'Michele', 'Bordoni'),
('GCTMLM85H59L219V', 'Antonio', 'Dini'),
('FRMLRT94I60D205Y', 'Simone', 'Antonacci'),
('BNGRNS92J61H501T', 'Giovanna', 'Lembo'),
('QSLNRR81K62M312W', 'Giovanni', 'Cappiello'),
('RCDLLG90L63D205X', 'Laura', 'Piazzolla'),
('BRRRSS80M64L219P', 'Francesca', 'Farina'),
('LPGVRT82N65H501V', 'Sofia', 'Meschini'),
('VGLRTS94P66D205Y', 'Giorgio', 'Caterini'),
('TNNGRM83Q67M312V', 'Michele', 'Giordano'),
('RSPNRT85R68L219T', 'Barbara', 'Falcone'),
('PLSMLT91S69H501P', 'Giuliana', 'Minervini'),
('GRNTCV90T70M312Y', 'Francesco', 'Lemmi'),
('CTLSMN92U71D205W', 'Lucia', 'Vairo'),
('VLRNSM94V72M312X', 'Giorgia', 'Ruzzi'),
('RLTLNS88W73H501Z', 'Francesca', 'Sanna'),
('TMSPSP83X74D205Y', 'Giovanni', 'Tava'),
('NSGMNT84Y75M312W', 'Emanuela', 'Marzoli'),
('TFTMSN87Z76H501V', 'Claudia', 'Siciliani'),
('QHSDRC85A77D205X', 'Michele', 'Vernazza'),
('RDLNSM90B78M312T', 'Lorenzo', 'Nascimbeni'),
('TBLRNT91C79D205Y', 'Alessandro', 'Manzoli'),
('MNGTVS92D80M312W', 'Carla', 'Focaccia'),
('QMSRSN83E81H501T', 'Giorgio', 'Tanturli'),
('GPCFNR84F82D205P', 'Simone', 'Battaglia'),
('BPCFRA80A01D205X', 'Francesca', 'Bianchi'),
('GELSMN82B02M312W', 'Giulia', 'Rossi'),
('MKLNTR83C03L219V', 'Luigi', 'Verdi'),
('LGTZRP84D04H501Y', 'Michele', 'Moretti'),
('VNTRNF85E05D205W', 'Giorgio', 'Conti'),
('PCTGFR86F06M312S', 'Martina', 'Ferrari'),
('QZCLRD87G07L219T', 'Simona', 'Serri'),
('HBCMNT88H08D205X', 'Alessandra', 'Gatti'),
('RJSFRN89I09M312V', 'Francesco', 'Giordano'),
('NDCSLF80J10H501P', 'Diana', 'Sartori'),
('MTGRLF81K11D205W', 'Beatrice', 'Lombardi'),
('LPNLVR82L12M312X', 'Giovanni', 'Pereira'),
('QMGNMR83M13H501T', 'Riccardo', 'Marchesi'),
('RVFCLN84N14D205Y', 'Stefano', 'Russo'),
('BMLTBR85O15M312W', 'Barbara', 'De Santis'),
('PGFNVR86P16L219Z', 'Lucia', 'Ferrara'),
('NDTFRN87Q17D205X', 'Matteo', 'Pellizzari'),
('TGVLRT88R18M312S', 'Elena', 'Vitali'),
('JSNFHR89S19L219P', 'Alessandro', 'Masi'),
('RLTFMR80T20D205W', 'Luca', 'Rizzo'),
('GPMNSM81U21H501V', 'Giorgia', 'Giordano'),
('ZDRQCN82V22M312X', 'Sabrina', 'Perrone'),
('KTRLRR83W23L219T', 'Federico', 'Lombardo'),
('FGRFTN84X24D205Y', 'Francesca', 'Caruso'),
('JTHGNG85Y25M312S', 'Giuliana', 'Ruggiero'),
('VFTGRS86Z26H501T', 'Marco', 'Santoro'),
('WBQNLT87A27D205X', 'Antonio', 'Gennaro'),
('MCNSNM88B28M312W', 'Michele', 'Giuliani'),
('RBFNFR89C29L219V', 'Alessandra', 'Sanna'),
('QJLRRS90D30H501P', 'Francesco', 'Carbone'),
('TMSGRN81E31D205W', 'Giovanni', 'Morandi'),
('PFFHMS82F32M312X', 'Luca', 'Ferrari'),
('RLGTLT83G33L219T', 'Michele', 'Ruggiero'),
('DGSNMM84H34D205X', 'Stefano', 'Fabbri'),
('BLRMSN85I35M312W', 'Chiara', 'Ricci'),
('KFTGRN86J36L219V', 'Sabrina', 'Giordano'),
('MDVLMT87K37D205Y', 'Valentina', 'Santoro'),
('QFSNTL88L38M312S', 'Luca', 'Marini'),
('PRJHRF89M39D205W', 'Alessio', 'Ferrari'),
('GSNFNL80N40H501V', 'Giulia', 'D’Amico'),
('NLSRTT81O41D205Y', 'Francesco', 'Tarantino'),
('TLPMLT82P42M312X', 'Vincenzo', 'Longo'),
('VRGNSF83Q43L219T', 'Alessandra', 'Monaco'),
('VHGMSF84R44D205X', 'Luca', 'Sarti'),
('RHGFML85S45M312W', 'Simone', 'Graziani'),
('LDNCTF86T46L219V', 'Giorgio', 'Bianchi'),
('JLMNTT87U47D205Y', 'Federica', 'Pellegrini'),
('BQMPFV88V48M312S', 'Paola', 'Giordano'),
('TCLQNT89W49L219T', 'Alessandro', 'Giovannini'),
('NMMFST80X50D205X', 'Giovanni', 'Fusco'),
('GSNVRR81Y51M312W', 'Francesca', 'Cipriani'),
('LQNGRN82Z52H501T', 'Riccardo', 'Tavano'),
('JSTGLT83A53D205Y', 'Alessandra', 'Cavallini'),
('WLHRMR84B54M312S', 'Marco', 'Guerra'),
('RPVQNT85C55L219V', 'Laura', 'Ricci'),
('MTFGSN86D56D205X', 'Andrea', 'Lucchesi'),
('QJLRLN80A01D205X', 'Giulia', 'Bianchi'),
('FMKNSM81B02M312W', 'Francesco', 'Galli'),
('GJLRMT82C03L219V', 'Michele', 'Cavalli'),
('RBLVTR83D04H501T', 'Alessandra', 'Ferrari'),
('SDNTFR84E05D205W', 'Lucia', 'Ricci'),
('TQNGRS85F06M312S', 'Valentina', 'Sartori'),
('LGFMSN86G07L219T', 'Barbara', 'Cipriani'),
('RBFRLT87H08D205X', 'Simona', 'Lombardi'),
('MLPRNT88I09M312W', 'Andrea', 'Tarantino'),
('PCNSMR89J10H501V', 'Francesco', 'Della Rosa'),
('SDNCLM80K11D205Y', 'Giorgia', 'Pellegrini'),
('LRTGMS81L12M312X', 'Riccardo', 'Morandi'),
('TJNGRV82M13L219T', 'Stefano', 'Masi'),
('MNFGTR83N14D205W', 'Alessio', 'Cameron'),
('PQZLNT84O15M312V', 'Giovanni', 'Rosati'),
('RLBMNT85P16L219V', 'Simona', 'Bertoli'),
('DGFQNT86Q17D205X', 'Luca', 'Falcone'),
('GRLTNS87R18M312W', 'Chiara', 'Giordano'),
('NSDFLR88S19L219T', 'Matteo', 'Bianchi'),
('FSKLTR89T20D205Y', 'Alessandra', 'Santoro'),
('GMDPNT80U21M312S', 'Giovanni', 'Lombardo'),
('QLNTRT81V22L219V', 'Francesca', 'Neri'),
('SHVTRN82W23D205X', 'Stefano', 'Mancini'),
('FMBVNR83X24M312V', 'Simona', 'Fioretti'),
('DGFSMT84Y25L219T', 'Marco', 'Vitali'),
('PNMFTR85Z26D205W', 'Alessia', 'Montagna'),
('JGNPRT86A27M312X', 'Giovanni', 'Galli'),
('QLVRNT87B28L219V', 'Francesco', 'Lombardi'),
('RNMGNT88C29D205Y', 'Alessandra', 'Giordano'),
('PCFNTL89D30M312S', 'Luca', 'Guerra'),
('FJSNTN80E31L219T', 'Simone', 'Vitali'),
('BNFGRS81F32D205X', 'Francesco', 'Ruggeri'),
('GHTRNL82G33M312W', 'Giorgia', 'Caputo'),
('SMLNSR83H34L219V', 'Matteo', 'Monaco'),
('RSFMSN84I35D205Y', 'Alessandra', 'Neri'),
('GNLVRT85J36M312S', 'Riccardo', 'Cavaliere'),
('LPMFNT86K37L219V', 'Luca', 'Giuliani'),
('JHRTNF87L38D205X', 'Francesca', 'Neri'),
('TGFTSR88M39M312W', 'Simone', 'Martino'),
('LPTVNS89N40L219T', 'Michela', 'Lombardi'),
('DFRMSR80O41D205Y', 'Elena', 'Verdi'),
('QWGNNS81P42M312S', 'Andrea', 'Fabbri'),
('SHVMTT82Q43L219V', 'Barbara', 'Lombardi'),
('RPGNTL83R44D205W', 'Giovanni', 'Ricci'),
('MGNSTN84S45M312X', 'Francesco', 'Zuccarelli'),
('PBFGNN85T46L219T', 'Giorgio', 'Gatti'),
('DFLNTN86U47M312S', 'Riccardo', 'Filippo'),
('TNSMNT87V48D205Y', 'Simona', 'Ricci'),
('PSGRNR88W49L219V', 'Luca', 'Giorgi'),
('QSNRMT89X50M312W', 'Stefano', 'Lombardi'),
('PRGRNS80A01D205X', 'Giorgio', 'Tarantino'),
('MLGRNT81B02M312W', 'Francesca', 'Bordoni'),
('QFSRNT82C03L219V', 'Matteo', 'Delfino'),
('DPTVNS83D04H501T', 'Simona', 'Geraci'),
('LNMTNT84E05D205W', 'Giovanni', 'Falcone'),
('TCLBNT85F06M312S', 'Alessandra', 'Fabbri'),
('MFNSLT86G07L219T', 'Barbara', 'Neri'),
('RJMTTR87H08D205X', 'Riccardo', 'Galli'),
('SLVRTN88I09M312W', 'Michele', 'Giorgi'),
('PFGNTL89J10H501V', 'Stefano', 'Cavalli'),
('QNLBNR80K11D205Y', 'Francesco', 'Martino'),
('GMSNTR81L12M312X', 'Simona', 'Lombardi'),
('DPTNRV82M13L219T', 'Giovanni', 'Morandi'),
('LVFTRN83N14D205W', 'Alessandra', 'Sanna'),
('RHGMNT84O15M312V', 'Riccardo', 'Gianluca'),
('FQGRNT85P16L219V', 'Barbara', 'Cipriani'),
('QJRTNS86Q17D205X', 'Matteo', 'Coppola'),
('GFMNNT87R18M312S', 'Giovanni', 'Verdi'),
('SNRGNT88S19L219T', 'Simona', 'Bianchi'),
('PHTRNS89T20D205Y', 'Alessandro', 'Cipriani'),
('MFNSNR80U21M312W', 'Francesco', 'Galli'),
('JRTNTN81V22L219V', 'Giovanni', 'Lombardi'),
('PTSNMT82W23D205X', 'Riccardo', 'Verdi'),
('LTNRNT83X24M312S', 'Giorgia', 'Grandi'),
('MNSNMT84Y25L219T', 'Barbara', 'Moretti'),
('PNFTRN85Z26D205W', 'Simone', 'Gatto'),
('MGNTLT87B28L219V', 'Giovanni', 'Gerardi'),
('GPRBNT88C29D205X', 'Francesca', 'Bianchi'),
('LMNTNT89D30M312W', 'Alessandro', 'Neri'),
('VPTGRN80E31L219V', 'Riccardo', 'Grilli'),
('TFNSTT81F32M312S', 'Simona', 'Martino'),
('DLMTNT82G33L219T', 'Luca', 'Fabbri'),
('QFNTTR83H34D205Y', 'Giovanni', 'Giordano'),
('RPLNTL84I35M312W', 'Alessandra', 'Ricci'),
('SRTNTM85J36L219V', 'Michele', 'Neri'),
('QTRNMT86K37D205X', 'Francesco', 'Santoro'),
('LMNTNR87L38M312S', 'Barbara', 'Gatti'),
('PNTRNT88M39D205W', 'Simone', 'Grandi'),
('DRTLNT89N40L219T', 'Giovanni', 'Verdi'),
('GLNTNT80O41M312V', 'Riccardo', 'Cipriani'),
('QPNNTN81P42L219V', 'Bianca', 'Bianchi'),
('RMTNTN82Q43D205X', 'Simona', 'Ricci'),
('LNRTNT83R44M312S', 'Francesco', 'Galli'),
('MNTLNT84S45L219T', 'Giovanni', 'Moretti'),
('QGTNTT85T46D205Y', 'Barbara', 'Falcone'),
('LNTGNT86U47M312W', 'Simone', 'Tarantino'),
('PRTNTN80A01M312X', 'Giovanni', 'Sartori'),
('MLGRTN81B02D205W', 'Francesca', 'Ricci'),
('QFSNRT82C03L219V', 'Simone', 'Giovanni'),
('DPTNTN83D04M312W', 'Riccardo', 'Rossi'),
('LNMTNR84E05D205Y', 'Barbara', 'Santi'),
('TCLBNT85F06L219T', 'Giorgio', 'Valente'),
('MFNSLT86G07D205X', 'Alessandra', 'Gravina'),
('RJMTNT87H08M312S', 'Luca', 'Monti'),
('SLVRTN88I09L219V', 'Francesco', 'Tocci'),
('PFGNTL89J10D205W', 'Giovanni', 'Pellegrini'),
('QNLBNR80K11M312T', 'Simona', 'Salvi'),
('GMSNTR81L12L219V', 'Michele', 'Ricci'),
('DPTNRV82M13D205X', 'Giorgio', 'Fusco'),
('LVFTRN83N14M312S', 'Alessandra', 'Tartaglia'),
('RHGMNT84O15L219T', 'Francesco', 'Lucarelli'),
('FQGRNT85P16D205Y', 'Barbara', 'Mazzoli'),
('QJRTNS86Q17M312W', 'Luca', 'Mellini'),
('GFMNNT87R18L219V', 'Simona', 'Furlani'),
('SNRGNT88S19D205X', 'Giovanna', 'Leoni'),
('PHTRNS89T20M312X', 'Francesca', 'Sarti'),
('MFNSNR80U21L219T', 'Riccardo', 'Monti'),
('JRTNTN81V22M312W', 'Simona', 'Rovelli'),
('PTSNMT82W23L219V', 'Luca', 'Marchi'),
('SHNTNT83X24D205Y', 'Giovanni', 'Fabiani'),
('MGNTLT84Y25M312S', 'Francesco', 'Ferri'),
('PNFTRN85Z26L219V', 'Simona', 'Bernardi'),
('SHNTNT86A27M312X', 'Giovanni', 'Leone'),
('GPRBNT87B28D205W', 'Francesca', 'Fasano'),
('LMNTNT88C29L219T', 'Luca', 'Rossi'),
('VPTGRN80D30M312W', 'Alessandra', 'Galante'),
('TFNSTT81E31D205X', 'Michele', 'Sartori'),
('DLMTNT82F32L219V', 'Simona', 'Gatti'),
('QFNTTR83G33D205W', 'Giovanni', 'Greco'),
('RPLNTL84H34M312S', 'Francesca', 'Ricci'),
('SRTNTM85I35L219T', 'Luca', 'Filippo'),
('QTRNMT86J36D205X', 'Giovanni', 'Ferro'),
('LNRTNT87K37M312W', 'Francesca', 'Grillo'),
('MNTLNT88L38L219V', 'Simona', 'Caputo'),
('QGTNTT89M39D205X', 'Luca', 'Valeri'),
('LNTGNT80N40M312S', 'Francesco', 'Montano'),
('RNTNTN81O41L219T', 'Giovanni', 'Pellegrini'),
('TFLNTT82P42M312W', 'Michele', 'Garrone'),
('PSNTRN83Q43D205Y', 'Simona', 'Lodovico'),
('GNRNTN84R44M312T', 'Giovanni', 'Luciani'),
('FRMTNT85S45L219V', 'Francesca', 'Conti'),
('BNFTRN86T46D205W', 'Luca', 'Vittori'),
('QMNTNT87U47M312X', 'Giovanni', 'Fiorentini'),
('LGRNTT88V48L219T', 'Michela', 'Zamboni'),
('PLNTRN80A01M312W', 'Giovanni', 'Bertoli'),
('MSNLTT81B02D205X', 'Simona', 'Calabrese'),
('FJGRNT82C03L219T', 'Luca', 'Ricciardi'),
('VRMNTT83D04M312V', 'Francesca', 'Giovannetti'),
('TLNTRN84E05D205Y', 'Giovanni', 'Lanzano'),
('SNFRNT85F06L219S', 'Alessandra', 'Gabriele'),
('LVRNTT86G07M312X', 'Riccardo', 'Sannino'),
('MRNTLT87H08L219V', 'Francesca', 'Cavaliere'),
('JRFNTN88I09D205W', 'Simona', 'Petrillo'),
('GRNTLR89J10M312S', 'Giovanni', 'Ruggeri'),
('PRNTNT80K11L219T', 'Francesca', 'Fiore'),
('FRTNTT81L12D205Y', 'Luca', 'Vaglio'),
('TLNTNT82M13M312W', 'Simona', 'Lombardi'),
('VLNTRN83N14L219V', 'Giovanni', 'Ricci'),
('QNLRNT84O15D205X', 'Francesca', 'Barbieri'),
('TGMTNT85P16L219T', 'Luca', 'Moretti'),
('FNSNTR86Q17M312Y', 'Giovanni', 'Giordano'),
('LTLNNT87R18D205W', 'Francesca', 'Rossi'),
('MFLNTT88S19L219T', 'Simona', 'Ferri'),
('GRNTNT89T20M312X', 'Giovannina', 'Sarti'),
('TNFRNT80U21L219V', 'Luca', 'Barbieri'),
('VQNTNT81V22D205Y', 'Francesca', 'Santoro'),
('FJNTNT82W23M312W', 'Giovanni', 'Morandi'),
('SMNTRN83X24L219T', 'Alessandra', 'Valli'),
('TLNTNT84Y25D205X', 'Luca', 'Pellegrini'),
('PLFNTT85Z26M312Y', 'Giovanni', 'Tartaglia'),
('MQNTNT86A27D205W', 'Francesca', 'Ferrara'),
('FNGRNT87B28L219V', 'Luca', 'Vespa'),
('QNTNTT88C29M312S', 'Simona', 'Morandi'),
('GRNTNR89D30L219T', 'Giovanni', 'Gallo'),
('MRNTNT80E31D205X', 'Francesca', 'Mazzola'),
('JQNTRN81F32M312W', 'Simona', 'Giordano'),
('LNTNTT82G33L219V', 'Luca', 'Ferrero'),
('VRTNTT83H34M312X', 'Giovanni', 'Monaco'),
('TNFLNT84I35D205Y', 'Francesca', 'Ruggeri'),
('PGRNTN85J36L219S', 'Luca', 'Ciccarelli'),
('NMTNTT86K37M312W', 'Simona', 'Della Rocca'),
('SFRNNT87L38D205X', 'Giovanni', 'Tondo'),
('LNTTRN88M39L219T', 'Francesca', 'Marinelli'),
('MFRTNT89N40M312X', 'Giovanni', 'Bianco'),
('PNTNTT80O41D205Y', 'Luca', 'Santoro'),
('VNTNTT81P42L219S', 'Francesca', 'Rossi'),
('MNTNTT82Q43M312W', 'Giovanni', 'Cavallaro'),
('GFNTNT83R44D205X', 'Luca', 'Fioretti'),
('TNFNTT84S45L219T', 'Francesca', 'Montani'),
('GRNTNT85T46M312Y', 'Giovanni', 'Vaglio'),
('PLRNTT86U47D205W', 'Simona', 'Della Rovere'),
('VQNTNT87V48M312X', 'Luca', 'Tufano'),
('GRNTNT88W49L219V', 'Giovanni', 'Giuliani'),
('RMTTNT80X50D205Y', 'Francesca', 'Santini'),
('JLRNTT81Y51M312S', 'Luca', 'Lucarelli'),
('MRNTNT82Z52D205X', 'Giovanni', 'Mele'),
('GRTNTT83A53L219T', 'Simona', 'Ricciardi'),
('QNFRNT84B54M312Y', 'Luca', 'Rosati'),
('SNNTNT85C55D205W', 'Giovanni', 'Tartaglione'),
('VFRNTT86D56L219S', 'Francesca', 'Della Vecchia'),
('MNNTNT87E57M312T', 'Luca', 'Gambini'),
('PGRNTN88F58D205X', 'Giovanni', 'Gallo'),
('RTNTNT89G59M312W', 'Francesca', 'Ricci'),
('MLNTNT80H60L219T', 'Simona', 'Graziani'),
('TQNTNT81I61D205W', 'Giovanni', 'Cavalli'),
('VNFRNT82J62M312Y', 'Francesca', 'Giorgi'),
('GQNTNT83K63L219V', 'Luca', 'De Santis'),
('FMNTNT84L64D205X', 'Simona', 'Rovelli'),
('VRNTNT85M65M312W', 'Giovanni', 'Luppi'),
('PNNTNT86N66L219T', 'Francesca', 'Gatti'),
('LFNTNT87O67D205Y', 'Luca', 'Cappelli'),
('RMTNTT88P68M312S', 'Giovanni', 'Fasano'),
('NFRNTT89Q69D205W', 'Simona', 'Luciani'),
('JGRNNT80R70M312Y', 'Giovanni', 'Tartari'),
('MNTNNT81S71L219V', 'Francesca', 'Minerva'),
('TFRNTT82T72D205X', 'Luca', 'Caruso'),
('VGRNTN83U73M312W', 'Giovanni', 'Tassi'),
('SNNTNT84V74L219T', 'Francesca', 'Di Matteo'),
('MNNTNT85W75D205Y', 'Luca', 'Venti'),
('PNTNTN86X76M312S', 'Giovanni', 'Petrone'),
('VGRNTN87Y77L219V', 'Francesca', 'Carminati'),
('QNNTNT88Z78D205X', 'Luca', 'Russi'),
('TNTNTN89A79M312T', 'Giovanni', 'Di Stefano'),
('GRNTNT80B80L219S', 'Simona', 'Marchesi'),
('NTNTNT81C81D205W', 'Lucia', 'Marinelli'),
('FRNTNT82D82M312Y', 'Giovanni', 'Ferrarese'),
('MTNTNT83E83L219T', 'Francesca', 'Gravina'),
('NTNTNT84F84D205X', 'Lucia', 'Mazzoli'),
('VNNTNT85G85M312S', 'Giovanni', 'Giannini'),
('GFNTNT86H86L219V', 'Francesca', 'Costa'),
('LNNTNT87I87D205Y', 'Luca', 'Vitali'),
('QRNTNT88J88M312W', 'Giovanni', 'Frasca'),
('TNNTNT89K89L219T', 'Francesca', 'Cavallaro'),
('MNTNTN80L90D205X', 'Luca', 'D’Angelo');


INSERT INTO Dirigente (Persona_CF, Privato, Ruolo, Data_Inizio) VALUES 
('RSSMRA80A01H501Z', 16, 'Primario', '2015-06-01'),
('VRDLGU85B02F205X', 17, 'Vice Primario', '2017-03-15'),
('BNCLRA90C03L219Y', 18, 'Responsabile Reparto', '2018-07-22'),
('GLLAND95D04M312W', 19, 'Primario', '2020-11-10'),
('NREFRC88E05H501T', 20, 'Vice Primario', '2021-01-25'),
('BLUSTF79F06D205Q', 21, 'Coordinatore Infermieristico', '2016-04-30'),
('RSALSS92G07M312R', 22, 'Responsabile Reparto', '2019-05-12'),
('MRNMTT87H08F205P', 23, 'Primario', '2017-08-05'),
('VLELNA93I09L219S', 24, 'Vice Primario', '2020-09-13'),
('AZZSMN91L10H501U', 25, 'Direttore Sanitario', '2022-02-18'),
('GLIGRV83M11D205V', 26, 'Primario', '2015-09-03'),
('CLTANG94N12M312X', 27, 'Vice Primario', '2018-11-06'),
('BRNFAB86O13F205Y', 28, 'Responsabile Reparto', '2017-05-20'),
('ARGCHR82P14H501Z', 29, 'Coordinatore Infermieristico', '2021-12-15'),
('RBNRCC89Q15D205W', 30, 'Primario', '2016-03-08'),
('CRLELS85R16M312V', 31, 'Vice Primario', '2020-10-10'),
('ORODVD87S17H501T', 32, 'Direttore Sanitario', '2022-06-25'),
('AMBSRA90T18F205U', 33, 'Responsabile Reparto', '2021-08-19'),
('SMRGIO84U19L219X', 34, 'Primario', '2019-04-29'),
('TPTBRC92V20D205Y', 35, 'Vice Primario', '2020-01-06'),
('PLRMCO81W21M312Z', 36, 'Primario', '2018-12-10'),
('ZFFSLV95X22H501V', 37, 'Responsabile Reparto', '2017-06-20'),
('DMNLBR88Y23F205T', 38, 'Primario', '2021-11-25'),
('QZRMRT89Z24D205U', 39, 'Vice Primario', '2019-10-14'),
('GRNDNL91A25M312X', 40, 'Primario', '2022-07-07'),
('GIDVLT92B26H501Y', 41, 'Responsabile Reparto', '2018-03-22'),
('OPLLCN87C27F205Z', 42, 'Primario', '2020-05-15'),
('TRLBRB94D28D205W', 43, 'Vice Primario', '2016-01-12'),
('AMTSFN96E29M312V', 44, 'Primario', '2021-03-02'),
('BRLANT89F30H501T', 45, 'Coordinatore Infermieristico', '2017-02-10'),
('BTNSNM84Q16M312Y', 46, 'Primario', '2019-09-05'),
('MRGRLS92R17D205T', 47, 'Direttore Sanitario', '2022-10-17'),
('PNMRCR85S18M312Z', 48, 'Vice Primario', '2020-04-08'),
('LCTFSV89T19H501U', 49, 'Primario', '2017-07-30'),
('QNGVRE80U20D205V', 50, 'Responsabile Reparto', '2021-06-14'),
('TQSSNM81V21M312W', 51, 'Primario', '2022-03-25'),
('FSLLNT88W22H501Z', 52, 'Vice Primario', '2020-12-02'),
('DNRMNN92X23D205Y', 53, 'Primario', '2018-08-28'),
('GLLGRV90Y24M312S', 54, 'Responsabile Reparto', '2019-01-19'),
('LSPBRS91Z25L219T', 55, 'Primario', '2021-05-06'),
('RCDPLM85A26M312X', 56, 'Vice Primario', '2016-12-02'),
('VRGCLS89B27D205W', 57, 'Primario', '2017-09-22'),
('PTLNCR92C28M312V', 58, 'Direttore Sanitario', '2020-06-01'),
('GRSNSS83D29H501T', 59, 'Primario', '2021-02-10'),
('NSMRLM94E30L219Y', 60, 'Vice Primario', '2019-07-19'),
('TFLVSL90F31D205P', 61, 'Primario', '2020-11-11'),
('PLSFRN85G32M312X', 62, 'Responsabile Reparto', '2021-04-13'),
('GCTSTL86H33L219V', 63, 'Vice Primario', '2018-02-04'),
('RZNDNC87I34H501S', 64, 'Primario', '2020-09-18'),
('LBGCNR81J35M312W', 65, 'Direttore Sanitario', '2022-05-14'),
('TLRTNF90K36L219P', 66, 'Primario', '2020-01-29'),
('PLSMLT91S69H501P', 67, 'Vice Primario', '2017-04-15'),
('VRTFST83L37D205V', 68, 'Responsabile Reparto', '2021-08-30'),
('MNGTVS92D80M312W', 69, 'Primario', '2020-10-17'),
('SPSLRG86U95D205W', 70, 'Vice Primario', '2022-02-11');


INSERT INTO Rettore (Persona_CF, Universita_PartitaIVA, Data_Inizio) VALUES
('LPGVRT82N65H501V', 'IT12345678901', '2016-05-01'),
('PVDGNN79F31D205X', 'IT98765432102', '2017-02-20'),
('TSMLNI80G32M312Y', 'IT11223344556', '2018-08-15'),
('PNGTLN81H33L219Z', 'IT66778899001', '2019-01-12'),
('DRVGLL84I34M312W', 'IT99887766554', '2020-03-25'),
('QZCHRM82L35F205V', 'IT55667788900', '2021-04-10'),
('TBNRRL89M36D205W', 'IT44556677889', '2015-07-18'),
('MRLTLL80N37H501X', 'IT33445566778', '2020-06-22'),
('PNGRMV81O38L219T', 'IT22334455667', '2022-09-05'),
('GNNLRL85P39M312S', 'IT11224433669', '2019-11-02'),
('NSGLVR84Q40F205Y', 'IT99881122334', '2021-03-30'),
('MRRLCL82R41D205U', 'IT77889900112', '2020-07-08'),
('BNGRPS91S42M312Y', 'IT66770011223', '2021-12-14'),
('NRDSDN85T43H501Z', 'IT55661100991', '2017-09-10'),
('RSPMRN81U44L219S', 'IT44552299887', '2018-11-25');


INSERT INTO Reparto (Ospedale, Codice, Dimensione, N_Ricoveri) VALUES
(1, 1, 50, 100),
(1, 2, 30, 80),
(1, 3, 45, 120),
(1, 4, 60, 140),
(1, 5, 55, 110),
(2, 1, 70, 150),
(2, 2, 65, 140),
(2, 3, 60, 130),
(2, 4, 80, 160),
(2, 5, 75, 150),
(2, 6, 90, 170),
(2, 7, 85, 160),
(3, 1, 55, 110),
(3, 2, 45, 100),
(3, 3, 50, 120),
(3, 4, 65, 140),
(4, 1, 50, 100),
(4, 2, 60, 130),
(4, 3, 55, 120),
(4, 4, 65, 140),
(4, 5, 75, 160),
(4, 6, 80, 170),
(4, 7, 70, 150),
(4, 8, 60, 140),
(5, 1, 45, 110),
(5, 2, 50, 120),
(5, 3, 60, 140),
(5, 4, 55, 130),
(5, 5, 70, 150),
(5, 6, 65, 140),
(6, 1, 50, 100),
(6, 2, 40, 90),
(6, 3, 45, 110),
(7, 1, 60, 140),
(7, 2, 55, 120),
(7, 3, 50, 110),
(7, 4, 70, 150),
(7, 5, 65, 140),
(7, 6, 80, 160),
(8, 1, 45, 110),
(8, 2, 50, 120),
(8, 3, 60, 130),
(8, 4, 55, 120),
(9, 1, 50, 100),
(9, 2, 40, 90),
(9, 3, 45, 110),
(9, 4, 55, 130),
(9, 5, 60, 140),
(9, 6, 70, 150),
(10, 1, 60, 130),
(10, 2, 65, 140),
(10, 3, 55, 120),
(11, 1, 50, 100),
(11, 2, 60, 130),
(11, 3, 55, 120),
(11, 4, 65, 140),
(11, 5, 70, 150),
(11, 6, 75, 160),
(12, 1, 45, 110),
(12, 2, 55, 120),
(12, 3, 60, 130),
(12, 4, 50, 110),
(13, 1, 50, 100),
(13, 2, 45, 90),
(13, 3, 60, 130),
(13, 4, 55, 120),
(13, 5, 65, 140),
(14, 1, 55, 120),
(14, 2, 60, 130),
(14, 3, 70, 150),
(14, 4, 75, 160),
(14, 5, 65, 140),
(14, 6, 80, 170),
(15, 1, 45, 110),
(15, 2, 50, 120),
(15, 3, 60, 130),
(15, 4, 55, 120),
(15, 5, 70, 150),
(16, 1, 50, 100),
(16, 2, 60, 130),
(16, 3, 55, 120),
(16, 4, 45, 110),
(16, 5, 65, 140),
(17, 1, 55, 120),
(17, 2, 50, 110),
(17, 3, 60, 130),
(17, 4, 70, 150),
(18, 1, 60, 130),
(18, 2, 65, 140),
(18, 3, 55, 120),
(19, 1, 50, 100),
(19, 2, 45, 90),
(19, 3, 60, 130),
(19, 4, 55, 120),
(20, 1, 60, 140),
(20, 2, 55, 120),
(20, 3, 65, 130),
(21, 1, 50, 100),
(21, 2, 55, 120),
(21, 3, 60, 130),
(21, 4, 65, 140),
(22, 1, 45, 110),
(22, 2, 50, 120),
(22, 3, 60, 140),
(22, 4, 55, 130),
(22, 5, 70, 150),
(23, 1, 50, 100),
(23, 2, 60, 130),
(23, 3, 55, 120),
(23, 4, 45, 110),
(23, 5, 70, 140),
(24, 1, 55, 120),
(24, 2, 60, 130),
(24, 3, 65, 140),
(24, 4, 75, 150),
(25, 1, 50, 100),
(25, 2, 60, 130),
(25, 3, 55, 120),
(25, 4, 45, 110),
(25, 5, 65, 140),
(26, 1, 55, 120),
(26, 2, 50, 110),
(26, 3, 60, 130),
(27, 1, 50, 100),
(27, 2, 55, 120),
(27, 3, 60, 130),
(27, 4, 45, 110),
(28, 1, 60, 140),
(28, 2, 55, 120),
(28, 3, 65, 130),
(29, 1, 45, 110),
(29, 2, 50, 120),
(29, 3, 60, 130),
(29, 4, 55, 120),
(30, 1, 50, 100),
(30, 2, 60, 130),
(30, 3, 65, 140),
(30, 4, 55, 120),
(31, 1, 60, 130),
(31, 2, 50, 110),
(31, 3, 55, 120),
(32, 1, 45, 100),
(32, 2, 50, 110),
(32, 3, 60, 130),
(32, 4, 55, 120),
(33, 1, 55, 120),
(33, 2, 60, 130),
(33, 3, 65, 140),
(33, 4, 50, 100),
(34, 1, 60, 130),
(34, 2, 50, 110),
(34, 3, 55, 120),
(35, 1, 50, 100),
(35, 2, 60, 130),
(35, 3, 55, 120),
(35, 4, 45, 110),
(36, 1, 55, 120),
(36, 2, 65, 140),
(36, 3, 60, 130),
(37, 1, 45, 110),
(37, 2, 50, 120),
(37, 3, 55, 120),
(38, 1, 60, 130),
(38, 2, 65, 140),
(38, 3, 55, 120),
(39, 1, 50, 100),
(39, 2, 60, 130),
(39, 3, 55, 120),
(40, 1, 60, 130),
(40, 2, 55, 120),
(40, 3, 65, 140),
(41, 1, 55, 120),
(41, 2, 60, 130),
(41, 3, 70, 150),
(41, 4, 65, 140),
(42, 1, 50, 100),
(42, 2, 60, 130),
(42, 3, 65, 140),
(43, 1, 50, 100),
(43, 2, 60, 130),
(43, 3, 55, 120),
(44, 1, 60, 140),
(44, 2, 55, 120),
(44, 3, 50, 110),
(45, 1, 55, 120),
(45, 2, 60, 130),
(45, 3, 70, 150),
(46, 1, 50, 100),
(46, 2, 60, 130),
(46, 3, 55, 120),
(47, 1, 60, 130),
(47, 2, 50, 110),
(47, 3, 55, 120),
(47, 4, 65, 140),
(48, 1, 50, 100),
(48, 2, 60, 130),
(48, 3, 55, 120),
(49, 1, 55, 120),
(49, 2, 65, 140),
(49, 3, 60, 130),
(50, 1, 50, 100),
(50, 2, 60, 130),
(50, 3, 55, 120),
(50, 4, 65, 140),
(50, 5, 70, 150),
(51, 1, 55, 120),
(51, 2, 60, 130),
(51, 3, 65, 140),
(52, 1, 50, 100),
(52, 2, 60, 130),
(52, 3, 55, 120),
(52, 4, 65, 140),
(53, 1, 60, 130),
(53, 2, 55, 120),
(53, 3, 70, 150),
(54, 1, 50, 100),
(54, 2, 55, 120),
(54, 3, 60, 130),
(54, 4, 65, 140),
(55, 1, 60, 130),
(55, 2, 65, 140),
(55, 3, 55, 120),
(56, 1, 50, 100),
(56, 2, 60, 130),
(56, 3, 55, 120),
(56, 4, 70, 150),
(56, 5, 65, 140),
(57, 1, 55, 120),
(57, 2, 60, 130),
(57, 3, 50, 100),
(58, 1, 60, 130),
(58, 2, 65, 140),
(58, 3, 55, 120),
(58, 4, 50, 110),
(59, 1, 50, 100),
(59, 2, 60, 130),
(59, 3, 55, 120),
(59, 4, 70, 150),
(60, 1, 60, 130),
(60, 2, 50, 110),
(60, 3, 65, 140),
(61, 1, 55, 120),
(61, 2, 60, 130),
(61, 3, 50, 100),
(61, 4, 70, 150),
(62, 1, 60, 130),
(62, 2, 55, 120),
(62, 3, 65, 140),
(63, 1, 50, 100),
(63, 2, 60, 130),
(63, 3, 55, 120),
(64, 1, 60, 130),
(64, 2, 65, 140),
(64, 3, 50, 110),
(65, 1, 50, 100),
(65, 2, 55, 120),
(65, 3, 60, 130),
(65, 4, 70, 150),
(66, 1, 55, 120),
(66, 2, 60, 130),
(66, 3, 50, 100),
(67, 1, 60, 130),
(67, 2, 65, 140),
(67, 3, 55, 120),
(67, 4, 50, 110),
(68, 1, 50, 100),
(68, 2, 55, 120),
(68, 3, 60, 130),
(69, 1, 55, 120),
(69, 2, 60, 130),
(69, 3, 70, 150),
(70, 1, 60, 130),
(70, 2, 50, 110),
(70, 3, 55, 120),
(70, 4, 65, 140),
(71, 1, 50, 100),
(71, 2, 60, 130),
(71, 3, 55, 120),
(72, 1, 60, 130),
(72, 2, 55, 120),
(72, 3, 65, 140),
(72, 4, 50, 110),
(73, 1, 55, 120),
(73, 2, 60, 130),
(73, 3, 50, 100),
(74, 1, 60, 130),
(74, 2, 65, 140),
(74, 3, 50, 110),
(75, 1, 50, 100),
(75, 2, 55, 120),
(75, 3, 60, 130),
(75, 4, 70, 150),
(75, 5, 50, 100),
(75, 6, 60, 130),
(75, 7, 55, 120),
(75, 8, 70, 150),
(76, 1, 60, 130),
(76, 2, 50, 110),
(76, 3, 65, 140),
(76, 4, 55, 120),
(77, 1, 50, 100),
(77, 2, 60, 130),
(77, 3, 55, 120),
(78, 1, 60, 130),
(78, 2, 55, 120),
(78, 3, 65, 140),
(79, 1, 55, 120),
(79, 2, 60, 130),
(79, 3, 70, 150),
(79, 4, 65, 140),
(80, 1, 50, 100),
(80, 2, 55, 120),
(80, 3, 60, 130),
(80, 4, 65, 140),
(81, 1, 60, 130),
(81, 2, 50, 110),
(81, 3, 55, 120),
(82, 1, 50, 100),
(82, 2, 60, 130),
(82, 3, 65, 140),
(82, 4, 55, 120),
(83, 1, 55, 120),
(83, 2, 60, 130),
(83, 3, 70, 150),
(84, 1, 50, 100),
(84, 2, 60, 130),
(84, 3, 55, 120),
(85, 1, 60, 130),
(85, 2, 65, 140),
(85, 3, 55, 120),
(86, 1, 50, 100),
(86, 2, 60, 130),
(86, 3, 55, 120),
(87, 1, 60, 130),
(87, 2, 55, 120),
(87, 3, 65, 140),
(88, 1, 50, 100),
(88, 2, 55, 120),
(88, 3, 60, 130),
(88, 4, 70, 150),
(89, 1, 60, 130),
(89, 2, 50, 110),
(89, 3, 55, 120),
(90, 1, 55, 120),
(90, 2, 60, 130),
(90, 3, 65, 140),
(91, 1, 50, 100),
(91, 2, 60, 130),
(91, 3, 55, 120),
(92, 1, 60, 130),
(92, 2, 55, 120),
(92, 3, 65, 140),
(93, 1, 50, 100),
(93, 2, 55, 120),
(93, 3, 60, 130),
(93, 4, 65, 140),
(94, 1, 55, 120),
(94, 2, 60, 130),
(94, 3, 50, 110),
(95, 1, 60, 130),
(95, 2, 55, 120),
(95, 3, 65, 140),
(96, 1, 50, 100),
(96, 2, 60, 130),
(96, 3, 55, 120),
(96, 4, 70, 150),
(97, 1, 60, 130),
(97, 2, 50, 110),
(97, 3, 55, 120),
(98, 1, 55, 120),
(98, 2, 60, 130),
(98, 3, 70, 150),
(99, 1, 60, 130),
(99, 2, 50, 110),
(99, 3, 55, 120),
(100, 1, 50, 100),
(100, 2, 60, 130),
(100, 3, 55, 120),
(100, 4, 65, 140);

INSERT INTO Ricovero (Persona, Data_Ricovero, Posto_Letto, Ospedale, Reparto) VALUES
('RPNCSL83Y73L219T','2024-01-01',42,52,1),
('TGFTSR88M39M312W','2024-01-06',6,92,2),
('SRTNTM85I35L219T','2024-01-08',2,85,2),
('LNTGNT80N40M312S','2024-01-12',9,52,1),
('VNTNTT81P42L219S','2024-01-16',39,75,2),
('VRDLGU85B02F205X','2024-01-17',15,23,4),
('ZFFSLV95X22H501V','2024-01-19',29,25,2),
('TGVLRT88R18M312S','2024-01-20',13,97,3),
('MTNTNT83E83L219T','2024-01-20',25,50,4),
('LRSSRP92I58F205V','2024-01-23',27,40,3),
('RLTLNS88W73H501Z','2024-01-26',6,73,1),
('VGRNTN83U73M312W','2024-01-27',24,67,1),
('RSALSS92G07M312R','2024-01-28',19,38,2),
('LVRNTT86G07M312X','2024-01-29',25,47,2),
('GRNTNT80B80L219S','2024-02-01',39,69,1),
('LMNTNT89D30M312W','2024-02-02',29,50,1),
('QFSNRT82C03L219V','2024-02-05',41,5,6),
('TPTBRC92V20D205Y','2024-02-05',46,27,1),
('ZFFSLV95X22H501V','2024-02-08',10,46,2),
('PSNTRN83Q43D205Y','2024-02-10',10,10,3),
('PNSTSN93P64M312Y','2024-02-12',18,61,3),
('TNSMNT87V48D205Y','2024-02-18',33,34,2),
('PFFHMS82F32M312X','2024-02-20',28,4,2),
('QKGRVV85D53H501T','2024-02-26',45,89,1),
('NSMRLM94E30L219Y','2024-03-03',23,97,2),
('LNRBSF83C02M312W','2024-03-03',32,80,1),
('MFRTNT89N40M312X','2024-03-08',9,26,2),
('RBLVTR83D04H501T','2024-03-10',8,46,2),
('PNFTRN85Z26D205W','2024-03-13',43,48,1),
('SLVRTN88I09M312W','2024-03-13',17,46,2),
('MRNTNT82Z52D205X','2024-03-15',10,61,2),
('QWGNNS81P42M312S','2024-03-17',27,34,2),
('TQNTNT81I61D205W','2024-03-18',17,88,3),
('RCDLLG90L63D205X','2024-03-19',7,15,4),
('RLBMNT85P16L219V','2024-03-20',21,22,1),
('GNLVRT85J36M312S','2024-03-21',6,94,1),
('TQNTNT81I61D205W','2024-03-24',26,30,2),
('SDNTFR84E05D205W','2024-03-25',31,67,3),
('DRGCCM92Q42H501Y','2024-03-27',46,6,1),
('GRNTNT85T46M312Y','2024-03-29',20,29,1),
('TQNGRS85F06M312S','2024-03-31',33,22,2),
('RJMTTR87H08D205X','2024-03-31',5,90,2),
('VHGMSF84R44D205X','2024-03-31',23,79,3),
('SNNTNT85C55D205W','2024-04-03',50,87,1),
('GJLRMT82C03L219V','2024-04-08',29,75,7),
('FJSNTN80E31L219T','2024-04-12',10,67,1),
('LQNGRN82Z52H501T','2024-04-13',45,84,2),
('AMBSRA90T18F205U','2024-04-14',25,70,3),
('VRMNTT83D04M312V','2024-04-15',38,24,3),
('PNFTRN85Z26L219V','2024-04-18',46,95,2),
('NREFRC88E05H501T','2024-04-20',19,70,2),
('NRDSDN85T43H501Z','2024-04-29',8,75,4),
('BPCFRA80A01D205X','2024-05-03',4,7,2),
('GSNFNL80N40H501V','2024-05-09',21,95,3),
('JRFNTN88I09D205W','2024-05-09',11,42,3),
('RNMGNT88C29D205Y','2024-05-10',18,93,1),
('LRTGMS81L12M312X','2024-05-12',37,15,5),
('QWGNNS81P42M312S','2024-05-14',26,85,1),
('QFSNRT82C03L219V','2024-05-15',7,42,1),
('GJLRMT82C03L219V','2024-05-15',2,14,6),
('QLFNRN85K60H501P','2024-05-17',13,23,4),
('NSGLVR84Q40F205Y','2024-05-18',43,6,2),
('RLGTLT83G33L219T','2024-05-19',15,40,2),
('QLFNRN85K60H501P','2024-05-21',47,40,1),
('PRJHRF89M39D205W','2024-05-22',29,63,2),
('QNLRNT84O15D205X','2024-05-23',42,81,2),
('PBFGNN85T46L219T','2024-05-25',2,97,3),
('GRVZMC88A50L219P','2024-05-28',28,71,3),
('QZGMLC92G58M312S','2024-05-28',19,99,3),
('GRNTNT89T20M312X','2024-06-01',16,4,6),
('PCLBRM86L86M312V','2024-06-01',50,57,1),
('QSNRMT89X50M312W','2024-06-04',41,43,3),
('QFSNRT82C03L219V','2024-06-07',19,29,4),
('SHNTNT86A27M312X','2024-06-12',32,2,2),
('GRDPRN81Y50M312T','2024-06-13',28,6,3),
('OPLLCN87C27F205Z','2024-06-16',15,22,3),
('DFRMSR80O41D205Y','2024-06-19',43,57,1),
('AZZSMN91L10H501U','2024-06-20',27,30,2),
('VQNTNT87V48M312X','2024-06-23',19,15,1),
('MFNSLT86G07L219T','2024-06-23',16,70,1),
('VNTNTT81P42L219S','2024-06-30',40,69,1),
('GRNTNT89T20M312X','2024-07-03',18,85,1),
('LGFMSN86G07L219T','2024-07-03',35,69,2),
('SLVRTN88I09M312W','2024-07-10',29,27,1),
('RMPGNN89B53M312Y','2024-07-10',26,76,2),
('MNTNNT81S71L219V','2024-07-11',2,3,1),
('BRLANT89F30H501T','2024-07-13',9,54,3),
('BRNFAB86O13F205Y','2024-07-22',8,70,3),
('DPTNTN83D04M312W','2024-07-24',45,22,1),
('LGTSTM83R43D205V','2024-07-27',5,20,2),
('LMNTNT88C29L219T','2024-07-28',37,38,3),
('GRNTNT80B80L219S','2024-07-29',38,3,2),
('TFNSTT81E31D205X','2024-08-03',26,33,4),
('PRGRNS80A01D205X','2024-08-05',17,3,2),
('MNTNTN80L90D205X','2024-08-07',22,64,1),
('MNSNMT84Y25L219T','2024-08-09',31,62,3),
('TCLBNT85F06L219T','2024-08-12',10,75,6),
('QLVRNT87B28L219V','2024-08-12',39,14,2),
('RBLGSB85Q65D205Y','2024-08-14',33,95,1),
('PLSFRN85G32M312X','2024-08-14',46,20,2),
('QGTNTT85T46D205Y','2024-08-15',39,65,4),
('VQNTNT87V48M312X','2024-08-17',9,27,3),
('LMNTNR87L38M312S','2024-08-20',50,13,1),
('LPTVNS89N40L219T','2024-08-21',47,15,3),
('DFRMSR80O41D205Y','2024-08-24',3,93,2),
('VFTGRS86Z26H501T','2024-08-25',50,98,3),
('PGFNVR86P16L219Z','2024-08-27',5,100,3),
('SHVMTT82Q43L219V','2024-08-29',37,48,3),
('MGNTLT87B28L219V','2024-08-29',19,82,3),
('PTSNMT82W23L219V','2024-08-30',5,96,1),
('TBNRRL89M36D205W','2024-08-31',25,10,1),
('DMNLBR88Y23F205T','2024-09-03',6,96,3),
('TLRTNF90K36L219P','2024-09-04',41,39,2),
('CLTANG94N12M312X','2024-09-09',13,88,1),
('RPVQNT85C55L219V','2024-09-15',32,42,1),
('BNGRPS91S42M312Y','2024-09-16',13,23,1),
('GRVZMC88A50L219P','2024-09-16',19,41,2),
('LVFTRN83N14M312S','2024-09-19',1,1,3),
('DGSNMM84H34D205X','2024-09-21',26,63,2),
('RHGFML85S45M312W','2024-10-01',26,60,2),
('BTNSNM84Q16M312Y','2024-10-02',36,83,2),
('GRVZMC88A50L219P','2024-10-09',6,82,1),
('LNRTNT83R44M312S','2024-10-11',8,11,6),
('JSNFHR89S19L219P','2024-10-13',7,81,1),
('TCLBNT85F06M312S','2024-10-13',16,81,2),
('BTNSNM84Q16M312Y','2024-10-16',12,83,1),
('TLRTNF90K36L219P','2024-10-17',12,12,4),
('GMDPNT80U21M312S','2024-10-17',41,13,5),
('RBFRLT87H08D205X','2024-10-18',12,54,2),
('PNFTRN85Z26D205W','2024-10-20',46,5,2),
('SBGDLN94N13M312Y','2024-10-20',34,47,4),
('NLSRTT81O41D205Y','2024-10-23',11,20,3),
('TNNTNT89K89L219T','2024-10-25',38,2,7),
('QMGNMR83M13H501T','2024-10-25',24,22,2),
('LMNTNT89D30M312W','2024-10-31',36,95,2),
('QLFNRN85K60H501P','2024-11-02',9,75,8),
('QRLTNL86A75H501U','2024-11-02',35,14,2),
('PTCGGR90J59M312Z','2024-11-03',37,58,2),
('JRFNTN88I09D205W','2024-11-04',31,15,2),
('LMNTNR87L38M312S','2024-11-06',20,82,1),
('TNTNTN89A79M312T','2024-11-10',37,97,2),
('NSGLVR84Q40F205Y','2024-11-16',45,53,3),
('PNGTLN81H33L219Z','2024-11-16',23,5,2),
('MRLTLL80N37H501X','2024-11-20',25,73,3),
('TLNTNT84Y25D205X','2024-11-27',48,6,3),
('MGNTLT84Y25M312S','2024-11-27',11,21,3),
('LQNGRN82Z52H501T','2024-11-29',21,71,3),
('LNRTNT83R44M312S','2024-12-03',6,93,2),
('DGFQNT86Q17D205X','2024-12-08',22,71,3),
('QTRNMT86K37D205X','2024-12-11',21,34,2),
('TMSPSP83X74D205Y','2024-12-12',19,64,3),
('PNTGRV87V47M312S','2024-12-12',19,82,3),
('FNSNTR86Q17M312Y','2024-12-15',15,2,7),
('TPTBRC92V20D205Y','2024-12-17',50,66,1),
('DMVRTT85O14H501U','2024-12-19',3,31,2),
('JLRNTT81Y51M312S','2024-12-25',2,29,4),
('LPMFNT86K37L219V','2024-12-26',24,49,1),
('RTNTNT89G59M312W','2024-12-26',4,50,2),
('GRNTCV90T70M312Y','2024-12-29',4,93,4),
('FQGRNT85P16L219V','2024-12-31',9,30,1),
('RPLNTL84H34M312S','2025-01-02',7,21,2),
('TCLBNT85F06L219T','2025-01-04',50,25,5),
('MFNSLT86G07D205X','2025-01-06',43,76,3),
('GPRBNT87B28D205W','2025-01-10',18,15,3),
('GHTRNL82G33M312W','2025-01-12',39,83,2),
('LNRTNT87K37M312W','2025-01-12',14,92,2),
('FJSNTN80E31L219T','2025-01-13',41,73,1),
('JSTGLT83A53D205Y','2025-01-17',25,23,1),
('RNMGNT88C29D205Y','2025-01-19',25,24,1),
('PFGNTL89J10H501V','2025-01-25',14,22,2),
('GRNDNL91A25M312X','2025-01-26',19,31,2),
('QFNTTR83G33D205W','2025-01-28',40,61,1),
('GNNLRL85P39M312S','2025-01-30',19,17,1),
('TPTBRC92V20D205Y','2025-02-01',11,4,6),
('PNSTSN93P64M312Y','2025-02-01',20,5,6),
('LPNLVR82L12M312X','2025-02-02',42,91,3),
('QRNTNT88J88M312W','2025-02-02',50,36,2),
('FNGRNT87B28L219V','2025-02-04',13,27,4),
('LCTFSV89T19H501U','2025-02-06',42,80,3),
('FSLLNT88W22H501Z','2025-02-06',48,31,3),
('DPTNRV82M13D205X','2025-02-07',40,22,3),
('MNNTNT87E57M312T','2025-02-11',38,33,3),
('PGRNTN88F58D205X','2025-02-12',10,60,3),
('MNTLNT84S45L219T','2025-02-15',29,43,2),
('PNFTRN90J09M312S','2025-02-17',47,76,1),
('GMSNTR81L12L219V','2025-02-25',35,54,3),
('FNCNTL91S44M312T','2025-03-01',29,96,3),
('VLNNRT85P41M312S','2025-03-02',40,92,2),
('PQZLNT84O15M312V','2025-03-06',45,89,3),
('PNFTRN85Z26L219V','2025-03-08',34,22,3),
('VRTNMT89U46D205Y','2025-03-08',47,13,5),
('RPNCSL83Y73L219T','2025-03-10',33,88,2),
('VPTGRN80D30M312W','2025-03-15',42,45,3),
('LNRTNT87K37M312W','2025-03-16',3,55,3),
('GNNLRL85P39M312S','2025-03-22',2,27,4),
('AZZSMN91L10H501U','2025-03-25',42,96,2),
('DSSNMM84L61D205W','2025-03-25',23,7,1),
('RDLNSM90B78M312T','2025-03-29',36,59,4),
('TDSMLC87G06M312V','2025-03-29',14,4,1),
('PNGRMV81O38L219T','2025-03-30',7,57,1);


INSERT INTO Ostetricia (Ospedale, Reparto, Numero_Letti) VALUES
(49,2,12),
(68,2,10),
(28,3,13),
(1,2,10),
(52,4,19),
(30,3,19),
(78,1,18),
(47,1,19),
(79,4,14),
(23,3,14),
(35,2,19),
(5,5,10),
(60,1,19),
(3,3,15),
(26,1,12),
(8,3,14),
(32,3,14),
(78,2,18),
(37,1,10),
(44,1,19),
(86,1,19),
(11,3,17),
(32,1,16),
(56,3,13),
(59,1,19),
(28,2,17),
(12,1,16),
(75,3,18),
(50,5,10),
(13,2,18),
(18,1,13),
(66,3,11),
(4,3,14),
(21,4,19),
(18,3,11),
(77,3,10),
(19,2,14),
(2,6,19),
(80,4,16),
(82,2,13),
(34,3,11),
(73,2,11),
(17,3,18),
(9,4,17),
(3,4,17);


INSERT INTO Parto (Persona, Data_Parto, Settimana, Ospedale, Reparto) VALUES
('PNGRMV81O38L219T','2024-01-05',38,8,3),
('FRVLBN80M62L219T','2024-01-12',40,1,2),
('PNTGRV87V47M312S','2024-01-14',39,18,3),
('BRRRSS80M64L219P','2024-01-19',41,17,3),
('DTCMHR90H82L219Z','2024-01-25',42,68,2),
('MNTLNT84S45L219T','2024-01-27',38,5,5),
('BRRRSS80M64L219P','2024-01-30',40,78,1),
('FMKNSM81B02M312W','2024-01-30',41,19,2),
('TQSSNM81V21M312W','2024-02-01',37,77,3),
('NLSMRV87M87L219T','2024-02-03',38,79,4),
('SDNTFR84E05D205W','2024-02-05',42,12,1),
('MNTNTT82Q43M312W','2024-02-07',39,4,3),
('NTNTNT84F84D205X','2024-02-07',41,75,3),
('GRSSMM89I08D205Z','2024-02-21',38,50,5),
('SFRNNT87L38D205X','2024-02-21',40,18,3),
('QPNNTN81P42L219V','2024-02-23',37,18,3),
('BLRMSN85I35M312W','2024-02-23',39,86,1),
('GRSSMM89I08D205Z','2024-02-24',40,4,3),
('PLNTRN80A01M312W','2024-03-07',42,11,3),
('FBKDSB86G81D205X','2024-03-10',38,47,1),
('GFNTNT86H86L219V','2024-03-17',37,18,3),
('QTRNMT86J36D205X','2024-03-21',40,2,6),
('RTNTNT89G59M312W','2024-03-23',38,86,1),
('AMTSFN96E29M312V','2024-03-23',41,4,3),
('SPSLRG86U95D205W','2024-03-26',39,59,1),
('DGSNMM84H34D205X','2024-03-27',37,26,1),
('RBLVTR83D04H501T','2024-04-02',42,59,1),
('FMBVNR83X24M312V','2024-04-06',41,28,2),
('GRNTNT89T20M312X','2024-04-06',38,28,3),
('NMTNTT86K37M312W','2024-04-10',40,52,4),
('LGTSTM83R43D205V','2024-04-12',37,32,1),
('SPSLRG86U95D205W','2024-04-24',39,18,3),
('PNMFTR85Z26D205W','2024-04-26',40,77,3),
('VNTRNF85E05D205W','2024-05-01',38,82,2),
('LDNCTF86T46L219V','2024-05-06',41,78,1),
('SDNTFR84E05D205W','2024-05-06',39,9,4),
('PCNSMR89J10H501V','2024-05-09',40,11,3),
('MFNSNR80U21M312W','2024-05-12',38,8,3),
('NFRNTT89Q69D205W','2024-05-18',42,23,3),
('LGRNTT88V48L219T','2024-05-20',39,18,1),
('PGRNTN85J36L219S','2024-05-20',41,66,3),
('PTSNMT82W23D205X','2024-05-21',37,32,3),
('RMTNTN82Q43D205X','2024-05-22',38,78,2),
('VGRNTN87Y77L219V','2024-05-27',40,19,2),
('MRNTNT82Z52D205X','2024-05-27',42,37,1),
('PNMRCR85S18M312Z','2024-05-28',38,49,2),
('DFRMSR80O41D205Y','2024-05-30',39,12,1),
('QZCHRM82L35F205V','2024-05-31',41,47,1),
('PTLNCR92C28M312V','2024-06-05',38,30,3),
('MRGRLS92R17D205T','2024-06-07',40,59,1),
('PNMRCR85S18M312Z','2024-06-08',37,3,3),
('KFTGRN86J36L219V','2024-06-09',39,32,3),
('MSNLTT81B02D205X','2024-06-11',41,18,1),
('LNGRTN81G56D205W','2024-06-17',42,21,4),
('LNTTRN88M39L219T','2024-06-17',40,82,2),
('RCDPLM85A26M312X','2024-06-21',39,3,3),
('NLSMRV87M87L219T','2024-06-27',38,78,2),
('GSNMCS84F55M312X','2024-06-27',37,32,1),
('PNMFTR85Z26D205W','2024-06-30',42,3,4),
('NGFLST80V70M312S','2024-07-08',40,9,4),
('LGRNTT88V48L219T','2024-07-09',38,5,5),
('MNGTVS92D80M312W','2024-07-16',39,11,3),
('RPGNTL83R44D205W','2024-07-16',42,11,3),
('WLHRMR84B54M312S','2024-07-16',37,79,4),
('QMGNMR83M13H501T','2024-07-20',40,59,1),
('FRMTNT85S45L219V','2024-07-24',41,68,2),
('GPCFNR84F82D205P','2024-07-26',38,56,3),
('MRLTLL80N37H501X','2024-07-26',39,78,1),
('NTNTNT84F84D205X','2024-07-28',37,32,1),
('PNMFTR85Z26D205W','2024-07-31',42,9,4),
('RBFRLT87H08D205X','2024-08-02',41,26,1),
('AMTSFN96E29M312V','2024-08-09',38,78,2),
('VRNTNT85M65M312W','2024-08-12',40,52,4),
('DTCMHR90H82L219Z','2024-08-13',39,56,3),
('DGFQNT86Q17D205X','2024-08-14',37,78,1),
('GFMNNT87R18M312S','2024-08-17',38,82,2),
('GRVZMC88A50L219P','2024-08-18',42,11,3),
('MNGTVS92D80M312W','2024-08-18',41,9,4),
('SMRGIO84U19L219X','2024-08-23',40,30,3),
('MNGTVS92D80M312W','2024-08-25',39,9,4),
('GHTRNL82G33M312W','2024-09-01',38,28,2),
('QZCLRD87G07L219T','2024-09-05',37,1,2),
('TSMLNI80G32M312Y','2024-09-08',42,3,3),
('PTFLGG85Z74M312Y','2024-09-11',41,13,2),
('ALPLRC90X47D205U','2024-09-13',38,26,1),
('LRDFTL90D55M312X','2024-09-14',39,73,2),
('LNRTNT87K37M312W','2024-09-21',40,44,1),
('MNGTVS92D80M312W','2024-09-22',42,5,5),
('QLNTRT81V22L219V','2024-09-23',37,4,3),
('RPLNTL84H34M312S','2024-09-25',41,75,3),
('DMVRTT85O14H501U','2024-10-05',39,8,3),
('TPNCLM92Z51H501S','2024-10-09',40,32,3),
('QZCLRD87G07L219T','2024-10-11',38,32,1),
('PTSNMT82W23D205X','2024-10-14',42,78,2),
('BRLANT89F30H501T','2024-10-15',40,49,2),
('SNRGNT88S19D205X','2024-10-18',37,11,3),
('SNRGNT88S19D205X','2024-10-20',41,68,2),
('QFSNTL88L38M312S','2024-10-21',38,1,2),
('VNTNTT81P42L219S','2024-10-22',39,4,3),
('RMTNTT88P68M312S','2024-10-29',40,78,2),
('GRLTNS87R18M312W','2024-10-31',41,60,1),
('QNLRNT84O15D205X','2024-11-05',37,78,2),
('MNFGTR83N14D205W','2024-11-06',39,30,3),
('QZCLRD87G07L219T','2024-11-07',42,77,3),
('NLSMRV87M87L219T','2024-11-15',38,28,2),
('GRNTNT89T20M312X','2024-11-15',41,18,3),
('QFSRNT82C03L219V','2024-11-16',39,35,2),
('CLTRSR88H07L219W','2024-11-20',37,3,3),
('TLRTNF90K36L219P','2024-11-24',40,18,3),
('MFRTNT89N40M312X','2024-11-24',42,34,3),
('GRSSMM89I08D205Z','2024-11-25',37,78,1),
('TDSMLC87G06M312V','2024-11-27',39,66,3),
('LNRTNT87K37M312W','2024-12-11',38,28,2),
('VPTGRN80E31L219V','2024-12-14',41,28,3),
('QLVRNT87B28L219V','2024-12-16',42,68,2),
('QJLRLN80A01D205X','2024-12-20',40,9,4),
('DFLNTN86U47M312S','2024-12-28',37,28,3),
('RMNCMN91C52M312T','2024-12-28',39,37,1),
('LVRNTT86G07M312X','2024-12-29',38,28,3),
('MQNTNT86A27D205W','2025-01-01',42,68,2),
('QPNNTN81P42L219V','2025-01-03',37,47,1),
('CLTRSR88H07L219W','2025-01-03',40,28,2),
('MDVLMT87K37D205Y','2025-01-06',41,30,3),
('PRJHRF89M39D205W','2025-01-08',39,49,2),
('GRNTNT80B80L219S','2025-01-10',38,66,3),
('VLNRLN83A52D205W','2025-01-12',40,52,4),
('JQNTRN81F32M312W','2025-01-12',39,34,3),
('GRNTCV90T70M312Y','2025-01-14',38,37,1),
('GNLVRT85J36M312S','2025-01-20',37,47,1),
('RBFRLT87H08D205X','2025-01-21',42,21,4),
('GSNMCS84F55M312X','2025-02-01',40,44,1),
('TFNSTT81E31D205X','2025-02-05',38,34,3),
('RVFCLN84N14D205Y','2025-02-05',37,26,1),
('NDTFRN87Q17D205X','2025-02-10',41,28,2),
('TLNTNT84Y25D205X','2025-02-10',39,78,2),
('TNFRNT80U21L219V','2025-02-11',42,2,6),
('SMLNSR83H34L219V','2025-02-18',38,86,1),
('SBGDLN94N13M312Y','2025-03-01',40,37,1),
('KFTGRN86J36L219V','2025-03-03',41,56,3),
('TNNTNT89K89L219T','2025-03-10',39,78,1),
('MTFGSN86D56D205X','2025-03-10',38,5,5),
('VRGNSF83Q43L219T','2025-03-13',37,5,5),
('BLRMSN85I35M312W','2025-03-16',40,49,2),
('QFSNRT82C03L219V','2025-03-16',42,78,2),
('MNTLNT88L38L219V','2025-03-16',39,9,4),
('GRPNSM82Q91L219U','2025-03-20',38,2,6),
('NTNTNT81C81D205W','2025-03-24',41,26,1),
('LPTVNS89N40L219T','2025-03-25',37,34,3),
('MQNTNT86A27D205W','2025-03-29',42,68,2),
('SFTNTN91I83M312W','2025-04-01',40,23,3);


-- QUERY 1: Contare il numero di reparti per ciascun ospedale.
SELECT O.Codice AS CodiceOspedale, COUNT(R.Codice) AS NumeroReparti
FROM Ospedale O
JOIN Reparto R ON O.Codice = R.Ospedale
GROUP BY O.Codice
ORDER BY NumeroReparti DESC;

-- QUERY 2 Trovare tutte le persone, indicandone nome e cognome, che hanno partorito dopo una certa data (ad es. 2024-08-15) e mostrare la regione e la data del parto.
SELECT p.Nome, p.Cognome, pa.Data_Parto, o.Regione
FROM Parto pa
JOIN Persona p ON pa.Persona = p.CF
JOIN Ostetricia os ON pa.Ospedale = os.Ospedale AND pa.Reparto = os.Reparto
JOIN Reparto r ON os.Ospedale = r.Ospedale AND os.Reparto = r.Codice
JOIN Ospedale o ON r.Ospedale = o.Codice
WHERE pa.Data_Parto > '2024-08-15'
ORDER BY pa.Data_Parto DESC;

-- QUERY 3 Calcolare il numero medio di letti nei reparti di Ostetricia per ciascuna regione.
SELECT O.Regione, ROUND(AVG(Os.Numero_Letti),2) AS MediaLettiOstetriciaPerRegione
FROM Ospedale O
JOIN Reparto R ON O.Codice = R.Ospedale
JOIN Ostetricia Os ON R.Ospedale = Os.Ospedale AND R.Codice = Os.Reparto
GROUP BY O.Regione
ORDER BY MediaLettiOstetriciaPerRegione DESC;

-- QUERY 4 Elenca le persone che hanno avuto più di un parto
SELECT P.Nome, P.Cognome, COUNT(Pa.Data_Parto) AS NumeroParti
FROM Persona P
JOIN Parto Pa ON P.CF = Pa.Persona
GROUP BY P.CF, P.Nome, P.Cognome
HAVING COUNT(Pa.Data_Parto) > 1
ORDER BY NumeroParti DESC, P.Cognome, P.Nome;

-- QUERY 5: Trovare le regioni con la media più alta di ricoveri per reparto
SELECT O.Regione, COUNT(R.Codice) AS Numero_Reparti, SUM(R.N_Ricoveri) AS Totale_Ricoveri, ROUND(AVG(R.N_Ricoveri),2) AS Media_Ricoveri_Per_Reparto
FROM Ospedale O JOIN Reparto R ON O.Codice = R.Ospedale
GROUP BY O.Regione
ORDER BY Media_Ricoveri_Per_Reparto DESC;

-- INDICE PER QUERY 2
CREATE INDEX idx_parto_data_parto ON Parto(Data_Parto);